Year,Revenue [€/MW/year],zoneName,battery_capacity,daily_cycle_limit,Average daily spread [€]
2016,7030.398334781943,AT,1,1,23.49532786885246
2016,8158.108608121504,AT,1,2,23.49532786885246
2016,8158.108608121504,AT,1,3,23.49532786885246
2016,12967.109769228604,AT,2,1,23.49532786885246
2016,14655.724111522391,AT,2,2,23.49532786885246
2016,14655.724111522391,AT,2,3,23.49532786885246
2017,9125.922694959803,AT,1,1,30.31704109589041
2017,10543.125037279928,AT,1,2,30.31704109589041
2017,10543.125037279928,AT,1,3,30.31704109589041
2017,16841.641224168707,AT,2,1,30.31704109589041
2017,18931.61921486629,AT,2,2,30.31704109589041
2017,18931.61921486629,AT,2,3,30.31704109589041
2018,6432.114707477907,AT,1,1,29.400256410256407
2018,7420.875599323175,AT,1,2,29.400256410256407
2018,7420.875599323175,AT,1,3,29.400256410256407
2018,11941.457683726694,AT,2,1,29.400256410256407
2018,13450.646675054097,AT,2,2,29.400256410256407
2018,13450.646675054097,AT,2,3,29.400256410256407
2019,7661.937401269577,AT,1,1,26.716767123287674
2019,8658.68485908251,AT,1,2,26.716767123287674
2019,8658.68485908251,AT,1,3,26.716767123287674
2019,14111.381598370328,AT,2,1,26.716767123287674
2019,15508.667013031978,AT,2,2,26.716767123287674
2019,15508.667013031978,AT,2,3,26.716767123287674
2020,8629.535642302346,AT,1,1,28.24631147540984
2020,9809.161441643995,AT,1,2,28.24631147540984
2020,9809.161441643995,AT,1,3,28.24631147540984
2020,15576.152993807073,AT,2,1,28.24631147540984
2020,17301.050039823323,AT,2,2,28.24631147540984
2020,17301.050039823323,AT,2,3,28.24631147540984
2021,20813.89659639925,AT,1,1,72.31545205479452
2021,23170.11903240219,AT,1,2,72.31545205479452
2021,23170.11903240219,AT,1,3,72.31545205479452
2021,38347.37514827394,AT,2,1,72.31545205479452
2021,41922.82241171489,AT,2,2,72.31545205479452
2021,41922.82241171489,AT,2,3,72.31545205479452
2022,46594.83903894939,AT,1,1,163.50964383561643
2022,53098.61319804775,AT,1,2,163.50964383561643
2022,53098.61319804775,AT,1,3,163.50964383561643
2022,85243.59187598777,AT,2,1,163.50964383561643
2022,94328.70615554888,AT,2,2,163.50964383561643
2022,94328.70615554888,AT,2,3,163.50964383561643
2016,11549.22409596635,BE,1,1,36.25953551912568
2016,13006.09542645548,BE,1,2,36.25953551912568
2016,13006.09542645548,BE,1,3,36.25953551912568
2016,19796.61694191686,BE,2,1,36.25953551912568
2016,21814.057183802888,BE,2,2,36.25953551912568
2016,21814.057183802888,BE,2,3,36.25953551912568
2017,11091.021684820276,BE,1,1,36.216410958904106
2017,13030.138913747816,BE,1,2,36.216410958904106
2017,13035.96891980169,BE,1,3,36.216410958904106
2017,19721.73037857328,BE,2,1,36.216410958904106
2017,22231.80992829488,BE,2,2,36.216410958904106
2017,22231.80992829488,BE,2,3,36.216410958904106
2018,13479.20990843508,BE,1,1,42.98967123287671
2018,15768.369106892596,BE,1,2,42.98967123287671
2018,15768.369106892596,BE,1,3,42.98967123287671
2018,23524.507745980707,BE,2,1,42.98967123287671
2018,26506.39911028271,BE,2,2,42.98967123287671
2018,26506.39911028271,BE,2,3,42.98967123287671
2019,9530.359434461663,BE,1,1,29.955972602739728
2019,11363.052478924874,BE,1,2,29.955972602739728
2019,11363.054105903308,BE,1,3,29.955972602739728
2019,17077.035175578458,BE,2,1,29.955972602739728
2019,19544.729225473013,BE,2,2,29.955972602739728
2019,19544.729225473013,BE,2,3,29.955972602739728
2020,9575.075580894896,BE,1,1,30.29215846994536
2020,11478.220587817725,BE,1,2,30.29215846994536
2020,11479.96416637244,BE,1,3,30.29215846994536
2020,17363.703352324363,BE,2,1,30.29215846994536
2020,20109.81245969712,BE,2,2,30.29215846994536
2020,20109.81245969712,BE,2,3,30.29215846994536
2021,26817.500977981945,BE,1,1,82.55457534246575
2021,31226.89861018738,BE,1,2,82.55457534246575
2021,31236.769759507348,BE,1,3,82.55457534246575
2021,48395.75014436373,BE,2,1,82.55457534246575
2021,54799.403846938905,BE,2,2,82.55457534246575
2021,54799.403846938905,BE,2,3,82.55457534246575
2022,61999.99009146717,BE,1,1,197.34372602739728
2022,74249.51424346208,BE,1,2,197.34372602739728
2022,74293.77971686919,BE,1,3,197.34372602739728
2022,113118.85796863174,BE,2,1,197.34372602739728
2022,130813.26095737776,BE,2,2,197.34372602739728
2022,130813.26095737776,BE,2,3,197.34372602739728
2018,23441.5383537788,BG,1,1,71.69643835616438
2018,27567.241925815026,BG,1,2,71.69643835616438
2018,27583.35823185252,BG,1,3,71.69643835616438
2018,43149.48442873613,BG,2,1,71.69643835616438
2018,47378.16136397894,BG,2,2,71.69643835616438
2018,47378.16136397894,BG,2,3,71.69643835616438
2019,26601.493830424377,BG,1,1,85.4093698630137
2019,30479.89966334113,BG,1,2,85.4093698630137
2019,30479.89966334113,BG,1,3,85.4093698630137
2019,48989.8017295988,BG,2,1,85.4093698630137
2019,53781.39639077052,BG,2,2,85.4093698630137
2019,53781.39639077052,BG,2,3,85.4093698630137
2020,18902.298351861373,BG,1,1,62.43270491803278
2020,21399.582800854685,BG,1,2,62.43270491803278
2020,21399.582800854685,BG,1,3,62.43270491803278
2020,35436.114714059266,BG,2,1,62.43270491803278
2020,38706.3375693925,BG,2,2,62.43270491803278
2020,38706.3375693925,BG,2,3,62.43270491803278
2021,51780.55756565828,BG,1,1,164.5564383561644
2021,55061.80509802092,BG,1,2,164.5564383561644
2021,55061.80509802092,BG,1,3,164.5564383561644
2021,97116.2793506291,BG,2,1,164.5564383561644
2021,101347.76499297448,BG,2,2,164.5564383561644
2021,101347.76499297448,BG,2,3,164.5564383561644
2022,79730.98979077334,BG,1,1,245.7009589041096
2022,93009.3801241658,BG,1,2,245.7009589041096
2022,93009.3801241658,BG,1,3,245.7009589041096
2022,146343.42523645342,BG,2,1,245.7009589041096
2022,165447.40383494884,BG,2,2,245.7009589041096
2022,165447.40383494884,BG,2,3,245.7009589041096
2016,6023.407691913884,CH,1,1,22.115355191256832
2016,6391.846991245319,CH,1,2,22.115355191256832
2016,6391.846991245319,CH,1,3,22.115355191256832
2016,11358.268891166896,CH,2,1,22.115355191256832
2016,11847.072868508232,CH,2,2,22.115355191256832
2016,11847.072868508232,CH,2,3,22.115355191256832
2017,6254.283795376486,CH,1,1,24.132602739726025
2017,6568.6016571128885,CH,1,2,24.132602739726025
2017,6568.6016571128885,CH,1,3,24.132602739726025
2017,11755.0916427624,CH,2,1,24.132602739726025
2017,12148.97173269759,CH,2,2,24.132602739726025
2017,12148.97173269759,CH,2,3,24.132602739726025
2018,6247.641113595007,CH,1,1,24.62378082191781
2018,6514.40890362985,CH,1,2,24.62378082191781
2018,6514.40890362985,CH,1,3,24.62378082191781
2018,11681.32172895044,CH,2,1,24.62378082191781
2018,12025.997652443204,CH,2,2,24.62378082191781
2018,12025.997652443204,CH,2,3,24.62378082191781
2019,5032.73482924602,CH,1,1,19.813561643835616
2019,5326.464363556998,CH,1,2,19.813561643835616
2019,5326.464363556998,CH,1,3,19.813561643835616
2019,9460.701166314588,CH,2,1,19.813561643835616
2019,9865.109976020003,CH,2,2,19.813561643835616
2019,9865.109976020003,CH,2,3,19.813561643835616
2020,6252.55838474761,CH,1,1,21.567677595628417
2020,6706.02493283643,CH,1,2,21.567677595628417
2020,6706.02493283643,CH,1,3,21.567677595628417
2020,11640.547480098843,CH,2,1,21.567677595628417
2020,12292.36276531572,CH,2,2,21.567677595628417
2020,12292.36276531572,CH,2,3,21.567677595628417
2021,14768.56645474436,CH,1,1,56.72142465753424
2021,15775.859173274928,CH,1,2,56.72142465753424
2021,15775.859173274928,CH,1,3,56.72142465753424
2021,27596.43724031748,CH,2,1,56.72142465753424
2021,29060.65003982534,CH,2,2,56.72142465753424
2021,29060.65003982534,CH,2,3,56.72142465753424
2022,32042.40446677584,CH,1,1,126.42249315068491
2022,34170.68261445359,CH,1,2,126.42249315068491
2022,34170.68261445359,CH,1,3,126.42249315068491
2022,59203.336729748815,CH,2,1,126.42249315068491
2022,62151.947165538426,CH,2,2,126.42249315068491
2022,62151.947165538426,CH,2,3,126.42249315068491
2016,7274.980375732598,CZ,1,1,24.925081967213117
2016,8244.280978533097,CZ,1,2,24.925081967213117
2016,8244.280978533097,CZ,1,3,24.925081967213117
2016,13486.210796635032,CZ,2,1,24.925081967213117
2016,14794.287356801771,CZ,2,2,24.925081967213117
2016,14794.287356801771,CZ,2,3,24.925081967213117
2017,9120.754326802273,CZ,1,1,31.050438356164385
2017,10320.599400627982,CZ,1,2,31.050438356164385
2017,10320.599400627982,CZ,1,3,31.050438356164385
2017,17254.27603683461,CZ,2,1,31.050438356164385
2017,18997.299791906185,CZ,2,2,31.050438356164385
2017,18997.299791906185,CZ,2,3,31.050438356164385
2018,9112.383793924266,CZ,1,1,31.675534246575346
2018,10262.947962158098,CZ,1,2,31.675534246575346
2018,10262.947962158098,CZ,1,3,31.675534246575346
2018,17058.48762143496,CZ,2,1,31.675534246575346
2018,18729.371152758944,CZ,2,2,31.675534246575346
2018,18729.371152758944,CZ,2,3,31.675534246575346
2019,7828.193175304868,CZ,1,1,27.74030136986301
2019,8872.924836898072,CZ,1,2,27.74030136986301
2019,8872.924836898072,CZ,1,3,27.74030136986301
2019,14731.32274909376,CZ,2,1,27.74030136986301
2019,16271.636922508986,CZ,2,2,27.74030136986301
2019,16271.636922508986,CZ,2,3,27.74030136986301
2020,8359.055087481936,CZ,1,1,27.99229508196721
2020,9627.59552938508,CZ,1,2,27.99229508196721
2020,9627.59552938508,CZ,1,3,27.99229508196721
2020,15583.23685790714,CZ,2,1,27.99229508196721
2020,17429.2212315209,CZ,2,2,27.99229508196721
2020,17429.2212315209,CZ,2,3,27.99229508196721
2021,23154.27632990462,CZ,1,1,76.92920547945205
2021,25645.5669903484,CZ,1,2,76.92920547945205
2021,25645.5669903484,CZ,1,3,76.92920547945205
2021,42828.54069732874,CZ,2,1,76.92920547945205
2021,46697.05178973824,CZ,2,2,76.92920547945205
2021,46697.05178973824,CZ,2,3,76.92920547945205
2022,55612.10560619698,CZ,1,1,183.4198082191781
2022,64623.9312863994,CZ,1,2,183.4198082191781
2022,64623.9312863994,CZ,1,3,183.4198082191781
2022,101917.55290650256,CZ,2,1,183.4198082191781
2022,115461.66027302478,CZ,2,2,183.4198082191781
2022,115461.66027302478,CZ,2,3,183.4198082191781
2016,7030.398334781943,DE_LU,1,1,23.49532786885246
2016,8158.108608121504,DE_LU,1,2,23.49532786885246
2016,8158.108608121504,DE_LU,1,3,23.49532786885246
2016,12967.109769228604,DE_LU,2,1,23.49532786885246
2016,14655.724111522391,DE_LU,2,2,23.49532786885246
2016,14655.724111522391,DE_LU,2,3,23.49532786885246
2017,9125.922694959803,DE_LU,1,1,30.31704109589041
2017,10543.125037279928,DE_LU,1,2,30.31704109589041
2017,10543.125037279928,DE_LU,1,3,30.31704109589041
2017,16841.641224168707,DE_LU,2,1,30.31704109589041
2017,18931.61921486629,DE_LU,2,2,30.31704109589041
2017,18931.61921486629,DE_LU,2,3,30.31704109589041
2018,6432.114707477907,DE_LU,1,1,29.400256410256407
2018,7420.875599323175,DE_LU,1,2,29.400256410256407
2018,7420.875599323175,DE_LU,1,3,29.400256410256407
2018,11941.457683726694,DE_LU,2,1,29.400256410256407
2018,13450.646675054097,DE_LU,2,2,29.400256410256407
2018,13450.646675054097,DE_LU,2,3,29.400256410256407
2019,8984.65975013287,DE_LU,1,1,30.08241095890411
2019,10282.663686816944,DE_LU,1,2,30.08241095890411
2019,10282.663686816944,DE_LU,1,3,30.08241095890411
2019,16685.02502618966,DE_LU,2,1,30.08241095890411
2019,18606.09608149434,DE_LU,2,2,30.08241095890411
2019,18606.09608149434,DE_LU,2,3,30.08241095890411
2020,10179.651004964888,DE_LU,1,1,32.47065573770492
2020,11813.49040665947,DE_LU,1,2,32.47065573770492
2020,11813.49040665947,DE_LU,1,3,32.47065573770492
2020,18651.128132906764,DE_LU,2,1,32.47065573770492
2020,21101.180313319222,DE_LU,2,2,32.47065573770492
2020,21101.180313319222,DE_LU,2,3,32.47065573770492
2021,24559.799407538863,DE_LU,1,1,80.30575342465752
2021,27536.644969392,DE_LU,1,2,80.30575342465752
2021,27536.644969392,DE_LU,1,3,80.30575342465752
2021,45507.84823952083,DE_LU,2,1,80.30575342465752
2021,50311.43698570534,DE_LU,2,2,80.30575342465752
2021,50311.43698570534,DE_LU,2,3,80.30575342465752
2022,57515.46700125148,DE_LU,1,1,186.99194520547945
2022,65894.99137557013,DE_LU,1,2,186.99194520547945
2022,65894.99137557013,DE_LU,1,3,186.99194520547945
2022,107354.74671062232,DE_LU,2,1,186.99194520547945
2022,120924.19914718386,DE_LU,2,2,186.99194520547945
2022,120924.19914718386,DE_LU,2,3,186.99194520547945
2016,4481.77647945663,DK_1,1,1,15.536448087431694
2016,4571.1434220226765,DK_1,1,2,15.536448087431694
2016,4571.1434220226765,DK_1,1,3,15.536448087431694
2016,7975.536138538311,DK_1,2,1,15.536448087431694
2016,8024.191470922458,DK_1,2,2,15.536448087431694
2016,8024.191470922458,DK_1,2,3,15.536448087431694
2017,6372.987328405638,DK_1,1,1,21.18276712328767
2017,6648.287806835705,DK_1,1,2,21.18276712328767
2017,6648.287806835705,DK_1,1,3,21.18276712328767
2017,11387.763840864212,DK_1,2,1,21.18276712328767
2017,11570.17361260404,DK_1,2,2,21.18276712328767
2017,11570.17361260404,DK_1,2,3,21.18276712328767
2018,7533.717942545139,DK_1,1,1,26.862328767123287
2018,7971.045135735321,DK_1,1,2,26.862328767123287
2018,7971.045135735321,DK_1,1,3,26.862328767123287
2018,13701.118920260677,DK_1,2,1,26.862328767123287
2018,14139.147612318828,DK_1,2,2,26.862328767123287
2018,14139.147612318828,DK_1,2,3,26.862328767123287
2019,7632.722020699778,DK_1,1,1,26.30430136986301
2019,8245.252826984126,DK_1,1,2,26.30430136986301
2019,8245.252826984126,DK_1,1,3,26.30430136986301
2019,13979.368025938642,DK_1,2,1,26.30430136986301
2019,14721.61077249722,DK_1,2,2,26.30430136986301
2019,14721.61077249722,DK_1,2,3,26.30430136986301
2020,10221.446453946664,DK_1,1,1,31.13169398907104
2020,11542.385363283616,DK_1,1,2,31.13169398907104
2020,11542.385363283616,DK_1,1,3,31.13169398907104
2020,18726.107976347208,DK_1,2,1,31.13169398907104
2020,20518.640142828302,DK_1,2,2,31.13169398907104
2020,20518.640142828302,DK_1,2,3,31.13169398907104
2021,23097.572606372327,DK_1,1,1,75.54271232876712
2021,25778.694229517914,DK_1,1,2,75.54271232876712
2021,25778.694229517914,DK_1,1,3,75.54271232876712
2021,42504.47642128562,DK_1,2,1,75.54271232876712
2021,46392.92884603009,DK_1,2,2,75.54271232876712
2021,46392.92884603009,DK_1,2,3,75.54271232876712
2022,55505.37907490706,DK_1,1,1,178.5127397260274
2022,62112.831621199904,DK_1,1,2,178.5127397260274
2022,62112.831621199904,DK_1,1,3,178.5127397260274
2022,103014.34625099378,DK_1,2,1,178.5127397260274
2022,113013.45634011296,DK_1,2,2,178.5127397260274
2022,113013.45634011296,DK_1,2,3,178.5127397260274
2016,6187.812235654766,DK_2,1,1,19.86396174863388
2016,6317.242708659977,DK_2,1,2,19.86396174863388
2016,6317.242708659977,DK_2,1,3,19.86396174863388
2016,11173.060174195063,DK_2,2,1,19.86396174863388
2016,11278.58599540095,DK_2,2,2,19.86396174863388
2016,11278.58599540095,DK_2,2,3,19.86396174863388
2017,6656.693590913105,DK_2,1,1,22.371068493150684
2017,6984.486630363059,DK_2,1,2,22.371068493150684
2017,6984.486630363059,DK_2,1,3,22.371068493150684
2017,12156.868001362183,DK_2,2,1,22.371068493150684
2017,12468.46745329905,DK_2,2,2,22.371068493150684
2017,12468.46745329905,DK_2,2,3,22.371068493150684
2018,8587.296841697404,DK_2,1,1,29.76386301369863
2018,8911.103241658793,DK_2,1,2,29.76386301369863
2018,8911.103241658793,DK_2,1,3,29.76386301369863
2018,15762.378029973788,DK_2,2,1,29.76386301369863
2018,16123.171344156332,DK_2,2,2,29.76386301369863
2018,16123.171344156332,DK_2,2,3,29.76386301369863
2019,7267.365303173947,DK_2,1,1,25.6534794520548
2019,7688.66838577121,DK_2,1,2,25.6534794520548
2019,7688.66838577121,DK_2,1,3,25.6534794520548
2019,13325.365539380811,DK_2,2,1,25.6534794520548
2019,13796.588930094376,DK_2,2,2,25.6534794520548
2019,13796.588930094376,DK_2,2,3,25.6534794520548
2020,12014.595787580254,DK_2,1,1,36.02450819672131
2020,13439.27843441211,DK_2,1,2,36.02450819672131
2020,13439.27843441211,DK_2,1,3,36.02450819672131
2020,22028.88829711601,DK_2,2,1,36.02450819672131
2020,24022.93475843087,DK_2,2,2,36.02450819672131
2020,24022.93475843087,DK_2,2,3,36.02450819672131
2021,25689.526862973064,DK_2,1,1,83.74978082191781
2021,28687.40030759178,DK_2,1,2,83.74978082191781
2021,28687.40030759178,DK_2,1,3,83.74978082191781
2021,47700.97503593273,DK_2,2,1,83.74978082191781
2021,52331.77107989868,DK_2,2,2,83.74978082191781
2021,52331.77107989868,DK_2,2,3,83.74978082191781
2022,61844.45529182035,DK_2,1,1,194.2050410958904
2022,70349.15748868173,DK_2,1,2,194.2050410958904
2022,70349.15748868173,DK_2,1,3,194.2050410958904
2022,114853.58467601788,DK_2,2,1,194.2050410958904
2022,127792.9224657104,DK_2,2,2,194.2050410958904
2022,127792.9224657104,DK_2,2,3,194.2050410958904
2016,7539.748880435569,EE,1,1,24.14090163934426
2016,8020.048099178122,EE,1,2,24.14090163934426
2016,8020.048099178122,EE,1,3,24.14090163934426
2016,13876.90960140631,EE,2,1,24.14090163934426
2016,14437.168302248532,EE,2,2,24.14090163934426
2016,14437.168302248532,EE,2,3,24.14090163934426
2017,5707.041193166458,EE,1,1,19.65416438356165
2017,5817.010292474613,EE,1,2,19.65416438356165
2017,5817.010292474613,EE,1,3,19.65416438356165
2017,10265.946483411297,EE,2,1,19.65416438356165
2017,10320.932388880732,EE,2,2,19.65416438356165
2017,10320.932388880732,EE,2,3,19.65416438356165
2018,7403.959362222476,EE,1,1,26.120794520547943
2018,7493.051074270164,EE,1,2,26.120794520547943
2018,7493.051074270164,EE,1,3,26.120794520547943
2018,13172.312424171438,EE,2,1,26.120794520547943
2018,13221.889711001317,EE,2,2,26.120794520547943
2018,13221.889711001317,EE,2,3,26.120794520547943
2019,9789.67512094429,EE,1,1,32.25991780821918
2019,10179.82780328801,EE,1,2,32.25991780821918
2019,10179.82780328801,EE,1,3,32.25991780821918
2019,17865.97599946551,EE,2,1,32.25991780821918
2019,18184.300295594752,EE,2,2,32.25991780821918
2019,18184.300295594752,EE,2,3,32.25991780821918
2020,15553.208801609737,EE,1,1,45.4774043715847
2020,19012.2256920564,EE,1,2,45.4774043715847
2020,19118.07175685064,EE,1,3,45.4774043715847
2020,29006.83664348041,EE,2,1,45.4774043715847
2020,33163.78986145462,EE,2,2,45.4774043715847
2020,33163.78986145462,EE,2,3,45.4774043715847
2021,30807.72225956595,EE,1,1,90.7348493150685
2021,36015.88902121299,EE,1,2,90.7348493150685
2021,36023.70122932519,EE,1,3,90.7348493150685
2021,55313.4547332873,EE,2,1,90.7348493150685
2021,61977.63378081052,EE,2,2,90.7348493150685
2021,61977.63378081052,EE,2,3,90.7348493150685
2022,85173.31942348198,EE,1,1,243.7115616438356
2022,104525.57493095084,EE,1,2,243.7115616438356
2022,105655.2576444781,EE,1,3,243.7115616438356
2022,153332.6892178238,EE,2,1,243.7115616438356
2022,178380.15236198506,EE,2,2,243.7115616438356
2022,178380.15236198506,EE,2,3,243.7115616438356
2016,4938.909152282584,ES,1,1,19.17704918032787
2016,5184.611096721728,ES,1,2,19.17704918032787
2016,5184.611096721728,ES,1,3,19.17704918032787
2016,9246.036004801705,ES,2,1,19.17704918032787
2016,9560.293397172987,ES,2,2,19.17704918032787
2016,9560.293397172987,ES,2,3,19.17704918032787
2017,4327.614307281658,ES,1,1,19.472438356164385
2017,4400.707126902149,ES,1,2,19.472438356164385
2017,4400.707126902149,ES,1,3,19.472438356164385
2017,8151.781831319226,ES,2,1,19.472438356164385
2017,8196.953260550803,ES,2,2,19.472438356164385
2017,8196.953260550803,ES,2,3,19.472438356164385
2018,3899.639257291111,ES,1,1,18.39558904109589
2018,3909.376994379518,ES,1,2,18.39558904109589
2018,3909.376994379518,ES,1,3,18.39558904109589
2018,7218.797556462146,ES,2,1,18.39558904109589
2018,7218.797556462146,ES,2,2,18.39558904109589
2018,7218.797556462146,ES,2,3,18.39558904109589
2019,3728.522614022249,ES,1,1,16.883753424657534
2019,3763.344291111299,ES,1,2,16.883753424657534
2019,3763.344291111299,ES,1,3,16.883753424657534
2019,6913.3421174168525,ES,2,1,16.883753424657534
2019,6926.1019669457455,ES,2,2,16.883753424657534
2019,6926.1019669457455,ES,2,3,16.883753424657534
2020,4365.964358267129,ES,1,1,16.86603825136612
2020,4668.581533434937,ES,1,2,16.86603825136612
2020,4668.581533434937,ES,1,3,16.86603825136612
2020,8140.437995353742,ES,2,1,16.86603825136612
2020,8515.802528387963,ES,2,2,16.86603825136612
2020,8515.802528387963,ES,2,3,16.86603825136612
2021,13296.185952336557,ES,1,1,49.622109589041095
2021,13871.607007528008,ES,1,2,49.622109589041095
2021,13871.607007528008,ES,1,3,49.622109589041095
2021,24686.238680693823,ES,2,1,49.622109589041095
2021,25394.153809281037,ES,2,2,49.622109589041095
2021,25394.153809281037,ES,2,3,49.622109589041095
2022,26291.934067117152,ES,1,1,94.43619178082191
2022,29355.687393633896,ES,1,2,94.43619178082191
2022,29355.687393633896,ES,1,3,94.43619178082191
2022,48653.94402921636,ES,2,1,94.43619178082191
2022,52945.18370849405,ES,2,2,94.43619178082191
2022,52945.18370849405,ES,2,3,94.43619178082191
2016,7519.862594204262,FI,1,1,23.80346994535519
2016,7896.790382350139,FI,1,2,23.80346994535519
2016,7896.790382350139,FI,1,3,23.80346994535519
2016,13713.05226474528,FI,2,1,23.80346994535519
2016,14122.77749764569,FI,2,2,23.80346994535519
2016,14122.77749764569,FI,2,3,23.80346994535519
2017,5762.866619507657,FI,1,1,19.699726027397254
2017,5864.835865857604,FI,1,2,19.699726027397254
2017,5864.835865857604,FI,1,3,19.699726027397254
2017,10309.624888766935,FI,2,1,19.699726027397254
2017,10356.544777488534,FI,2,2,19.699726027397254
2017,10356.544777488534,FI,2,3,19.699726027397254
2018,7092.418481509225,FI,1,1,25.020849315068496
2018,7150.234244800908,FI,1,2,25.020849315068496
2018,7150.234244800908,FI,1,3,25.020849315068496
2018,12591.76909854474,FI,2,1,25.020849315068496
2018,12613.666058956956,FI,2,2,25.020849315068496
2018,12613.666058956956,FI,2,3,25.020849315068496
2019,8340.145530636957,FI,1,1,28.035041095890413
2019,8593.379571734638,FI,1,2,28.035041095890413
2019,8593.379571734638,FI,1,3,28.035041095890413
2019,15378.327601408506,FI,2,1,28.035041095890413
2019,15584.491800605623,FI,2,2,28.035041095890413
2019,15584.491800605623,FI,2,3,28.035041095890413
2020,13514.418264065192,FI,1,1,39.02920765027323
2020,15215.610776629454,FI,1,2,39.02920765027323
2020,15215.612132444816,FI,1,3,39.02920765027323
2020,25008.6016796215,FI,2,1,39.02920765027323
2020,27046.694243418016,FI,2,2,39.02920765027323
2020,27046.694243418016,FI,2,3,39.02920765027323
2021,26720.321827303706,FI,1,1,79.41778082191782
2021,28892.411792568662,FI,1,2,79.41778082191782
2021,28892.411792568662,FI,1,3,79.41778082191782
2021,49170.8269426916,FI,2,1,79.41778082191782
2021,51907.77561915681,FI,2,2,79.41778082191782
2021,51907.77561915681,FI,2,3,79.41778082191782
2022,66303.10888261502,FI,1,1,198.65427397260277
2022,73977.0118967748,FI,1,2,198.65427397260277
2022,73986.23903379812,FI,1,3,198.65427397260277
2022,125127.5299277351,FI,2,1,198.65427397260277
2022,134489.87970541,FI,2,2,198.65427397260277
2022,134489.87970541,FI,2,3,198.65427397260277
2016,10715.719790455749,FR,1,1,34.92396174863388
2016,11788.01572067168,FR,1,2,34.92396174863388
2016,11788.01572067168,FR,1,3,34.92396174863388
2016,18122.154600365007,FR,2,1,34.92396174863388
2016,19683.59075013189,FR,2,2,34.92396174863388
2016,19683.59075013189,FR,2,3,34.92396174863388
2017,9068.540792583755,FR,1,1,31.377561643835616
2017,10234.184068103634,FR,1,2,31.377561643835616
2017,10234.184068103634,FR,1,3,31.377561643835616
2017,16460.094173086654,FR,2,1,31.377561643835616
2017,18103.524612647543,FR,2,2,31.377561643835616
2017,18103.524612647543,FR,2,3,31.377561643835616
2018,9671.692610524313,FR,1,1,33.52019178082192
2018,10884.618048630344,FR,1,2,33.52019178082192
2018,10884.618048630344,FR,1,3,33.52019178082192
2018,17606.70830884668,FR,2,1,33.52019178082192
2018,19354.450843701958,FR,2,2,33.52019178082192
2018,19354.450843701958,FR,2,3,33.52019178082192
2019,7843.551851718429,FR,1,1,27.19394520547945
2019,9195.719527436811,FR,1,2,27.19394520547945
2019,9195.719527436811,FR,1,3,27.19394520547945
2019,14419.92938109183,FR,2,1,27.19394520547945
2019,16289.441489834451,FR,2,2,27.19394520547945
2019,16289.441489834451,FR,2,3,27.19394520547945
2020,8074.56760416325,FR,1,1,26.630819672131143
2020,9433.55069254015,FR,1,2,26.630819672131143
2020,9433.55069254015,FR,1,3,26.630819672131143
2020,14761.385514264415,FR,2,1,26.630819672131143
2020,16678.042577078624,FR,2,2,26.630819672131143
2020,16678.042577078624,FR,2,3,26.630819672131143
2021,22558.0668289404,FR,1,1,74.34287671232877
2021,25613.704515867063,FR,1,2,74.34287671232877
2021,25613.704515867063,FR,1,3,74.34287671232877
2021,41231.205810749736,FR,2,1,74.34287671232877
2021,45954.09642662572,FR,2,2,74.34287671232877
2021,45954.09642662572,FR,2,3,74.34287671232877
2022,50013.43148090768,FR,1,1,174.91361643835617
2022,56866.6269172636,FR,1,2,174.91361643835617
2022,56866.6269172636,FR,1,3,174.91361643835617
2022,90989.74780000352,FR,2,1,174.91361643835617
2022,100565.61029613415,FR,2,2,174.91361643835617
2022,100565.61029613415,FR,2,3,174.91361643835617
2016,4301.677830581786,GR,1,1,16.513688524590165
2016,4301.677830581786,GR,1,2,16.513688524590165
2016,4301.677830581786,GR,1,3,16.513688524590165
2016,7088.548713304811,GR,2,1,16.513688524590165
2016,7088.548713304811,GR,2,2,16.513688524590165
2016,7088.548713304811,GR,2,3,16.513688524590165
2017,7304.604399052314,GR,1,1,24.940438356164385
2017,7323.531039170848,GR,1,2,24.940438356164385
2017,7323.531039170848,GR,1,3,24.940438356164385
2017,12785.140366318146,GR,2,1,24.940438356164385
2017,12785.140366318146,GR,2,2,24.940438356164385
2017,12785.140366318146,GR,2,3,24.940438356164385
2018,3835.992403293261,GR,1,1,15.953369863013698
2018,3835.992403293261,GR,1,2,15.953369863013698
2018,3835.992403293261,GR,1,3,15.953369863013698
2018,6140.54308889608,GR,2,1,15.953369863013698
2018,6140.54308889608,GR,2,2,15.953369863013698
2018,6140.54308889608,GR,2,3,15.953369863013698
2019,7736.617067189011,GR,1,1,27.66093150684932
2019,7784.684246869397,GR,1,2,27.66093150684932
2019,7784.684246869397,GR,1,3,27.66093150684932
2019,13349.901458812392,GR,2,1,27.66093150684932
2019,13349.901458812392,GR,2,2,27.66093150684932
2019,13349.901458812392,GR,2,3,27.66093150684932
2020,11718.926623813306,GR,1,1,36.72666666666667
2020,13274.686516988291,GR,1,2,36.72666666666667
2020,13274.686516988291,GR,1,3,36.72666666666667
2020,20782.93356982865,GR,2,1,36.72666666666667
2020,22371.526701283707,GR,2,2,36.72666666666667
2020,22371.526701283707,GR,2,3,36.72666666666667
2021,23016.703372165182,GR,1,1,76.57320547945206
2021,25482.16195369192,GR,1,2,76.57320547945206
2021,25482.16195369192,GR,1,3,76.57320547945206
2021,42329.14617503671,GR,2,1,76.57320547945206
2021,45439.36546329205,GR,2,2,76.57320547945206
2021,45439.36546329205,GR,2,3,76.57320547945206
2022,66602.69689510246,GR,1,1,210.56378082191785
2022,77757.51430244726,GR,1,2,210.56378082191785
2022,77757.51430244726,GR,1,3,210.56378082191785
2022,121845.89653032062,GR,2,1,210.56378082191785
2022,136312.98930457296,GR,2,2,210.56378082191785
2022,136312.98930457296,GR,2,3,210.56378082191785
2018,11114.029058013452,HR,1,1,37.63117808219178
2018,12579.468056934134,HR,1,2,37.63117808219178
2018,12579.468056934134,HR,1,3,37.63117808219178
2018,20258.69129057192,HR,2,1,37.63117808219178
2018,22073.33572094461,HR,2,2,37.63117808219178
2018,22073.33572094461,HR,2,3,37.63117808219178
2019,12471.036452245768,HR,1,1,40.650164383561645
2019,14324.72348409052,HR,1,2,40.650164383561645
2019,14324.72348409052,HR,1,3,40.650164383561645
2019,22580.2886427132,HR,2,1,40.650164383561645
2019,24766.44112490625,HR,2,2,40.650164383561645
2019,24766.44112490625,HR,2,3,40.650164383561645
2020,10117.02616458644,HR,1,1,32.88450819672131
2020,11691.415503152744,HR,1,2,32.88450819672131
2020,11691.415503152744,HR,1,3,32.88450819672131
2020,18230.919193306127,HR,2,1,32.88450819672131
2020,20285.46376302361,HR,2,2,32.88450819672131
2020,20285.46376302361,HR,2,3,32.88450819672131
2021,23171.53721527018,HR,1,1,78.3950410958904
2021,25610.286776504137,HR,1,2,78.3950410958904
2021,25610.286776504137,HR,1,3,78.3950410958904
2021,42245.87145321542,HR,2,1,78.3950410958904
2021,45358.16893525668,HR,2,2,78.3950410958904
2021,45358.16893525668,HR,2,3,78.3950410958904
2022,57666.936524118784,HR,1,1,193.44750684931503
2022,65167.99043414095,HR,1,2,193.44750684931503
2022,65167.99043414095,HR,1,3,193.44750684931503
2022,104698.47826770289,HR,2,1,193.44750684931503
2022,114983.43816341586,HR,2,2,193.44750684931503
2022,114983.43816341586,HR,2,3,193.44750684931503
2016,8155.759793589473,HU,1,1,28.010027322404373
2016,9121.631810504148,HU,1,2,28.010027322404373
2016,9121.631810504148,HU,1,3,28.010027322404373
2016,15159.56516587357,HU,2,1,28.010027322404373
2016,16485.271664347234,HU,2,2,28.010027322404373
2016,16485.271664347234,HU,2,3,28.010027322404373
2017,14442.97227664747,HU,1,1,47.35758904109589
2017,15738.678648620173,HU,1,2,47.35758904109589
2017,15738.678648620173,HU,1,3,47.35758904109589
2017,27178.19043670781,HU,2,1,47.35758904109589
2017,28903.287601071395,HU,2,2,47.35758904109589
2017,28903.287601071395,HU,2,3,47.35758904109589
2018,10772.030056370171,HU,1,1,37.6421095890411
2018,11669.847463547194,HU,1,2,37.6421095890411
2018,11669.847463547194,HU,1,3,37.6421095890411
2018,20016.52802422594,HU,2,1,37.6421095890411
2018,21244.32187591086,HU,2,2,37.6421095890411
2018,21244.32187591086,HU,2,3,37.6421095890411
2019,12490.565074384744,HU,1,1,41.98893150684931
2019,13537.785470655275,HU,1,2,41.98893150684931
2019,13537.785470655275,HU,1,3,41.98893150684931
2019,23146.19783965545,HU,2,1,41.98893150684931
2019,24572.85943458876,HU,2,2,41.98893150684931
2019,24572.85943458876,HU,2,3,41.98893150684931
2020,10260.518341030527,HU,1,1,34.25669398907104
2020,11492.593044137428,HU,1,2,34.25669398907104
2020,11492.593044137428,HU,1,3,34.25669398907104
2020,19109.273328644587,HU,2,1,34.25669398907104
2020,20922.882458407345,HU,2,2,34.25669398907104
2020,20922.882458407345,HU,2,3,34.25669398907104
2021,26665.11709323494,HU,1,1,87.59572602739726
2021,29196.82271145956,HU,1,2,87.59572602739726
2021,29196.82271145956,HU,1,3,87.59572602739726
2021,49335.18267707946,HU,2,1,87.59572602739726
2021,53158.3959782657,HU,2,2,87.59572602739726
2021,53158.3959782657,HU,2,3,87.59572602739726
2022,60788.210046178414,HU,1,1,203.75065753424656
2022,69806.41375300378,HU,1,2,203.75065753424656
2022,69806.41375300378,HU,1,3,203.75065753424656
2022,111107.290576565,HU,2,1,203.75065753424656
2022,124226.97241771278,HU,2,2,203.75065753424656
2022,124226.97241771278,HU,2,3,203.75065753424656
2016,8974.071916812887,IT_CNOR,1,1,29.55502732240437
2016,10315.57149494189,IT_CNOR,1,2,29.55502732240437
2016,10315.57149494189,IT_CNOR,1,3,29.55502732240437
2016,15766.925434695811,IT_CNOR,2,1,29.55502732240437
2016,17542.460557480674,IT_CNOR,2,2,29.55502732240437
2016,17542.460557480674,IT_CNOR,2,3,29.55502732240437
2017,9797.593624980816,IT_CNOR,1,1,33.74682191780822
2017,10736.704015966692,IT_CNOR,1,2,33.74682191780822
2017,10736.704015966692,IT_CNOR,1,3,33.74682191780822
2017,17540.68932029258,IT_CNOR,2,1,33.74682191780822
2017,18703.58300225961,IT_CNOR,2,2,33.74682191780822
2017,18703.58300225961,IT_CNOR,2,3,33.74682191780822
2018,8882.642779082202,IT_CNOR,1,1,32.13586301369863
2018,9485.668506194152,IT_CNOR,1,2,32.13586301369863
2018,9485.668506194152,IT_CNOR,1,3,32.13586301369863
2018,15983.374849224256,IT_CNOR,2,1,32.13586301369863
2018,16571.029155258246,IT_CNOR,2,2,32.13586301369863
2018,16571.029155258246,IT_CNOR,2,3,32.13586301369863
2019,8041.409512522597,IT_CNOR,1,1,29.762931506849316
2019,9132.523346465076,IT_CNOR,1,2,29.762931506849316
2019,9132.523346465076,IT_CNOR,1,3,29.762931506849316
2019,14866.12713186529,IT_CNOR,2,1,29.762931506849316
2019,16263.357229260191,IT_CNOR,2,2,29.762931506849316
2019,16263.357229260191,IT_CNOR,2,3,29.762931506849316
2020,8459.61482818221,IT_CNOR,1,1,28.8805737704918
2020,9694.160098040593,IT_CNOR,1,2,28.8805737704918
2020,9694.160098040593,IT_CNOR,1,3,28.8805737704918
2020,15491.4405653766,IT_CNOR,2,1,28.8805737704918
2020,17129.36205596118,IT_CNOR,2,2,28.8805737704918
2020,17129.36205596118,IT_CNOR,2,3,28.8805737704918
2021,15821.489952750935,IT_CNOR,1,1,60.99400000000001
2021,16988.415016113453,IT_CNOR,1,2,60.99400000000001
2021,16988.415016113453,IT_CNOR,1,3,60.99400000000001
2021,28615.22727311244,IT_CNOR,2,1,60.99400000000001
2021,29962.105099616907,IT_CNOR,2,2,60.99400000000001
2021,29962.105099616907,IT_CNOR,2,3,60.99400000000001
2022,43736.58176581969,IT_CNOR,1,1,162.9168493150685
2022,47856.13237658296,IT_CNOR,1,2,162.9168493150685
2022,47856.13237658296,IT_CNOR,1,3,162.9168493150685
2022,79464.49560427842,IT_CNOR,2,1,162.9168493150685
2022,84689.02488803258,IT_CNOR,2,2,162.9168493150685
2022,84689.02488803258,IT_CNOR,2,3,162.9168493150685
2016,8578.68199089128,IT_CSUD,1,1,28.85893442622951
2016,9833.985878584475,IT_CSUD,1,2,28.85893442622951
2016,9833.985878584475,IT_CSUD,1,3,28.85893442622951
2016,15111.253668265068,IT_CSUD,2,1,28.85893442622951
2016,16833.532905981592,IT_CSUD,2,2,28.85893442622951
2016,16833.532905981592,IT_CSUD,2,3,28.85893442622951
2017,9398.31793223353,IT_CSUD,1,1,32.076986301369864
2017,10376.784389203014,IT_CSUD,1,2,32.076986301369864
2017,10376.784389203014,IT_CSUD,1,3,32.076986301369864
2017,16971.64059729955,IT_CSUD,2,1,32.076986301369864
2017,18306.435939629668,IT_CSUD,2,2,32.076986301369864
2017,18306.435939629668,IT_CSUD,2,3,32.076986301369864
2018,8720.340291477585,IT_CSUD,1,1,31.490246575342468
2018,9376.958688193636,IT_CSUD,1,2,31.490246575342468
2018,9376.958688193636,IT_CSUD,1,3,31.490246575342468
2018,15586.228328920462,IT_CSUD,2,1,31.490246575342468
2018,16224.2934770685,IT_CSUD,2,2,31.490246575342468
2018,16224.2934770685,IT_CSUD,2,3,31.490246575342468
2019,8314.7722596382,IT_CSUD,1,1,30.26775342465753
2019,9568.397376750949,IT_CSUD,1,2,30.26775342465753
2019,9568.397376750949,IT_CSUD,1,3,30.26775342465753
2019,15409.084001718034,IT_CSUD,2,1,30.26775342465753
2019,17055.86710150451,IT_CSUD,2,2,30.26775342465753
2019,17055.86710150451,IT_CSUD,2,3,30.26775342465753
2020,9032.264054448886,IT_CSUD,1,1,30.50035519125683
2020,10749.375466334028,IT_CSUD,1,2,30.50035519125683
2020,10749.375466334028,IT_CSUD,1,3,30.50035519125683
2020,16688.576177784154,IT_CSUD,2,1,30.50035519125683
2020,19001.86346641255,IT_CSUD,2,2,30.50035519125683
2020,19001.86346641255,IT_CSUD,2,3,30.50035519125683
2021,16732.479377326716,IT_CSUD,1,1,62.01202739726027
2021,18233.854533563484,IT_CSUD,1,2,62.01202739726027
2021,18233.854533563484,IT_CSUD,1,3,62.01202739726027
2021,30162.98053425241,IT_CSUD,2,1,62.01202739726027
2021,31982.77380904143,IT_CSUD,2,2,62.01202739726027
2021,31982.77380904143,IT_CSUD,2,3,62.01202739726027
2022,45950.16564673005,IT_CSUD,1,1,165.06043835616438
2022,50790.78062578121,IT_CSUD,1,2,165.06043835616438
2022,50790.78062578121,IT_CSUD,1,3,165.06043835616438
2022,83437.13494341931,IT_CSUD,2,1,165.06043835616438
2022,89836.49396525581,IT_CSUD,2,2,165.06043835616438
2022,89836.49396525581,IT_CSUD,2,3,165.06043835616438
2016,7240.718921550865,IT_NORD,1,1,26.100355191256828
2016,7900.133823031269,IT_NORD,1,2,26.100355191256828
2016,7900.133823031269,IT_NORD,1,3,26.100355191256828
2016,13166.0360837006,IT_NORD,2,1,26.100355191256828
2016,14041.719262777173,IT_NORD,2,2,26.100355191256828
2016,14041.719262777173,IT_NORD,2,3,26.100355191256828
2017,9014.388984724628,IT_NORD,1,1,32.51838356164383
2017,9815.4410360717,IT_NORD,1,2,32.51838356164383
2017,9815.4410360717,IT_NORD,1,3,32.51838356164383
2017,16269.609707380669,IT_NORD,2,1,32.51838356164383
2017,17260.014932096205,IT_NORD,2,2,32.51838356164383
2017,17260.014932096205,IT_NORD,2,3,32.51838356164383
2018,8483.581305162013,IT_NORD,1,1,31.27704109589041
2018,9016.206590798076,IT_NORD,1,2,31.27704109589041
2018,9016.206590798076,IT_NORD,1,3,31.27704109589041
2018,15294.506757159668,IT_NORD,2,1,31.27704109589041
2018,15848.886642595002,IT_NORD,2,2,31.27704109589041
2018,15848.886642595002,IT_NORD,2,3,31.27704109589041
2019,7524.48348411887,IT_NORD,1,1,28.05471232876712
2019,8413.571338510199,IT_NORD,1,2,28.05471232876712
2019,8413.571338510199,IT_NORD,1,3,28.05471232876712
2019,13888.90314409296,IT_NORD,2,1,28.05471232876712
2019,15069.812358255684,IT_NORD,2,2,28.05471232876712
2019,15069.812358255684,IT_NORD,2,3,28.05471232876712
2020,7499.694840703933,IT_NORD,1,1,26.058196721311475
2020,8440.347064918757,IT_NORD,1,2,26.058196721311475
2020,8440.347064918757,IT_NORD,1,3,26.058196721311475
2020,13812.525726178024,IT_NORD,2,1,26.058196721311475
2020,15163.042561112405,IT_NORD,2,2,26.058196721311475
2020,15163.042561112405,IT_NORD,2,3,26.058196721311475
2021,15119.4899754223,IT_NORD,1,1,59.39687671232877
2021,16111.426458006958,IT_NORD,1,2,59.39687671232877
2021,16111.426458006958,IT_NORD,1,3,59.39687671232877
2021,27368.116848811056,IT_NORD,2,1,59.39687671232877
2021,28527.28095388203,IT_NORD,2,2,59.39687671232877
2021,28527.28095388203,IT_NORD,2,3,59.39687671232877
2022,43186.05022670606,IT_NORD,1,1,161.5204109589041
2022,47287.6823816535,IT_NORD,1,2,161.5204109589041
2022,47287.6823816535,IT_NORD,1,3,161.5204109589041
2022,78449.02677679266,IT_NORD,2,1,161.5204109589041
2022,83648.54614806492,IT_NORD,2,2,161.5204109589041
2022,83648.54614806492,IT_NORD,2,3,161.5204109589041
2016,8752.053897432237,IT_SARD,1,1,29.37516393442623
2016,10038.79860102938,IT_SARD,1,2,29.37516393442623
2016,10038.79860102938,IT_SARD,1,3,29.37516393442623
2016,15406.721629032389,IT_SARD,2,1,29.37516393442623
2016,17161.33977474823,IT_SARD,2,2,29.37516393442623
2016,17161.33977474823,IT_SARD,2,3,29.37516393442623
2017,9723.183766318294,IT_SARD,1,1,32.94523287671233
2017,10734.689274339702,IT_SARD,1,2,32.94523287671233
2017,10734.689274339702,IT_SARD,1,3,32.94523287671233
2017,17614.721177632353,IT_SARD,2,1,32.94523287671233
2017,19027.90108693837,IT_SARD,2,2,32.94523287671233
2017,19027.90108693837,IT_SARD,2,3,32.94523287671233
2018,9118.7227730648,IT_SARD,1,1,32.350767123287675
2018,9822.869006110486,IT_SARD,1,2,32.350767123287675
2018,9822.869006110486,IT_SARD,1,3,32.350767123287675
2018,16338.059401714623,IT_SARD,2,1,32.350767123287675
2018,17054.260731464365,IT_SARD,2,2,32.350767123287675
2018,17054.260731464365,IT_SARD,2,3,32.350767123287675
2019,9126.189790585991,IT_SARD,1,1,32.06586301369863
2019,10484.325494362034,IT_SARD,1,2,32.06586301369863
2019,10484.325494362034,IT_SARD,1,3,32.06586301369863
2019,16952.45906389308,IT_SARD,2,1,32.06586301369863
2019,18765.713512357303,IT_SARD,2,2,32.06586301369863
2019,18765.713512357303,IT_SARD,2,3,32.06586301369863
2020,9963.559254528773,IT_SARD,1,1,32.93183060109289
2020,11729.44178542992,IT_SARD,1,2,32.93183060109289
2020,11729.44178542992,IT_SARD,1,3,32.93183060109289
2020,18198.86934514185,IT_SARD,2,1,32.93183060109289
2020,20665.4505417878,IT_SARD,2,2,32.93183060109289
2020,20665.4505417878,IT_SARD,2,3,32.93183060109289
2021,19288.16204789095,IT_SARD,1,1,68.09934246575342
2021,20945.507491668617,IT_SARD,1,2,68.09934246575342
2021,20945.507491668617,IT_SARD,1,3,68.09934246575342
2021,35219.364850846745,IT_SARD,2,1,68.09934246575342
2021,37287.999596125694,IT_SARD,2,2,68.09934246575342
2021,37287.999596125694,IT_SARD,2,3,68.09934246575342
2022,58210.04036435671,IT_SARD,1,1,189.85934246575343
2022,63948.34177882098,IT_SARD,1,2,189.85934246575343
2022,63948.34177882098,IT_SARD,1,3,189.85934246575343
2022,106396.5594551759,IT_SARD,2,1,189.85934246575343
2022,114044.99429126164,IT_SARD,2,2,189.85934246575343
2022,114044.99429126164,IT_SARD,2,3,189.85934246575343
2016,10821.6518139439,IT_SICI,1,1,36.14549180327869
2016,12299.627766348069,IT_SICI,1,2,36.14549180327869
2016,12299.627766348069,IT_SICI,1,3,36.14549180327869
2016,19891.645498268896,IT_SICI,2,1,36.14549180327869
2016,22178.210750777045,IT_SICI,2,2,36.14549180327869
2016,22178.210750777045,IT_SICI,2,3,36.14549180327869
2017,16426.44012418681,IT_SICI,1,1,52.82180821917808
2017,20663.635376182006,IT_SICI,1,2,52.82180821917808
2017,20663.635376182006,IT_SICI,1,3,52.82180821917808
2017,31906.008085607,IT_SICI,2,1,52.82180821917808
2017,38884.4944195068,IT_SICI,2,2,52.82180821917808
2017,38884.4944195068,IT_SICI,2,3,52.82180821917808
2018,17556.646182443576,IT_SICI,1,1,56.99041095890411
2018,20711.706352145404,IT_SICI,1,2,56.99041095890411
2018,20711.706352145404,IT_SICI,1,3,56.99041095890411
2018,33883.28528020634,IT_SICI,2,1,56.99041095890411
2018,39019.89210708045,IT_SICI,2,2,56.99041095890411
2018,39019.89210708045,IT_SICI,2,3,56.99041095890411
2019,23105.981644406595,IT_SICI,1,1,71.74953424657535
2019,28057.91665719197,IT_SICI,1,2,71.74953424657535
2019,28057.91665719197,IT_SICI,1,3,71.74953424657535
2019,44017.52894406677,IT_SICI,2,1,71.74953424657535
2019,51356.78364514646,IT_SICI,2,2,71.74953424657535
2019,51356.78364514646,IT_SICI,2,3,71.74953424657535
2020,15308.766680804374,IT_SICI,1,1,48.866202185792346
2020,18656.611050228134,IT_SICI,1,2,48.866202185792346
2020,18674.09564512832,IT_SICI,1,3,48.866202185792346
2020,29162.71419325058,IT_SICI,2,1,48.866202185792346
2020,34099.56982758684,IT_SICI,2,2,48.866202185792346
2020,34099.56982758684,IT_SICI,2,3,48.866202185792346
2021,20536.43060967401,IT_SICI,1,1,73.15043835616439
2021,22994.837053180137,IT_SICI,1,2,73.15043835616439
2021,22994.837053180137,IT_SICI,1,3,73.15043835616439
2021,37642.92277211967,IT_SICI,2,1,73.15043835616439
2021,40878.48122494576,IT_SICI,2,2,73.15043835616439
2021,40878.48122494576,IT_SICI,2,3,73.15043835616439
2022,49478.339967129294,IT_SICI,1,1,172.79906849315068
2022,54617.22944474581,IT_SICI,1,2,172.79906849315068
2022,54617.22944474581,IT_SICI,1,3,172.79906849315068
2022,90111.3882414036,IT_SICI,2,1,172.79906849315068
2022,96936.4206810732,IT_SICI,2,2,172.79906849315068
2022,96936.4206810732,IT_SICI,2,3,172.79906849315068
2016,8010.478754357597,IT_SUD,1,1,27.51226775956284
2016,9079.435582501552,IT_SUD,1,2,27.51226775956284
2016,9079.435582501552,IT_SUD,1,3,27.51226775956284
2016,14055.15539300831,IT_SUD,2,1,27.51226775956284
2016,15503.402110820722,IT_SUD,2,2,27.51226775956284
2016,15503.402110820722,IT_SUD,2,3,27.51226775956284
2017,8261.465667075348,IT_SUD,1,1,28.70095890410959
2017,9032.178366918048,IT_SUD,1,2,28.70095890410959
2017,9032.178366918048,IT_SUD,1,3,28.70095890410959
2017,14926.266762686351,IT_SUD,2,1,28.70095890410959
2017,15931.011090663698,IT_SUD,2,2,28.70095890410959
2017,15931.011090663698,IT_SUD,2,3,28.70095890410959
2018,8581.801993200857,IT_SUD,1,1,30.53457534246576
2018,9164.463373585082,IT_SUD,1,2,30.53457534246576
2018,9164.463373585082,IT_SUD,1,3,30.53457534246576
2018,15499.758221455511,IT_SUD,2,1,30.53457534246576
2018,16076.077368742335,IT_SUD,2,2,30.53457534246576
2018,16076.077368742335,IT_SUD,2,3,30.53457534246576
2019,9300.2927527698,IT_SUD,1,1,32.22482191780822
2019,10690.995683852014,IT_SUD,1,2,32.22482191780822
2019,10690.995683852014,IT_SUD,1,3,32.22482191780822
2019,17416.35074745852,IT_SUD,2,1,32.22482191780822
2019,19251.742949143136,IT_SUD,2,2,32.22482191780822
2019,19251.742949143136,IT_SUD,2,3,32.22482191780822
2020,9303.399739251909,IT_SUD,1,1,30.812049180327868
2020,11284.933380596724,IT_SUD,1,2,30.812049180327868
2020,11284.933380596724,IT_SUD,1,3,30.812049180327868
2020,17221.4441543699,IT_SUD,2,1,30.812049180327868
2020,20000.68938917446,IT_SUD,2,2,30.812049180327868
2020,20000.68938917446,IT_SUD,2,3,30.812049180327868
2021,17114.586651316084,IT_SUD,1,1,62.052164383561646
2021,18758.220463181176,IT_SUD,1,2,62.052164383561646
2021,18758.220463181176,IT_SUD,1,3,62.052164383561646
2021,30809.68602253536,IT_SUD,2,1,62.052164383561646
2021,32890.56811913661,IT_SUD,2,2,62.052164383561646
2021,32890.56811913661,IT_SUD,2,3,62.052164383561646
2022,46576.536073897085,IT_SUD,1,1,165.78046575342466
2022,51717.79768606984,IT_SUD,1,2,165.78046575342466
2022,51717.79768606984,IT_SUD,1,3,165.78046575342466
2022,84710.70057937782,IT_SUD,2,1,165.78046575342466
2022,91680.2276853697,IT_SUD,2,2,165.78046575342466
2022,91680.2276853697,IT_SUD,2,3,165.78046575342466
2016,9633.025298744282,LT,1,1,29.238852459016396
2016,10180.973467268366,LT,1,2,29.238852459016396
2016,10180.973467268366,LT,1,3,29.238852459016396
2016,17533.99538869044,LT,2,1,29.238852459016396
2016,18108.498828045325,LT,2,2,29.238852459016396
2016,18108.498828045325,LT,2,3,29.238852459016396
2017,6686.426350624803,LT,1,1,23.040712328767125
2017,6879.683187581709,LT,1,2,23.040712328767125
2017,6879.683187581709,LT,1,3,23.040712328767125
2017,11991.37717835378,LT,2,1,23.040712328767125
2017,12121.663442015088,LT,2,2,23.040712328767125
2017,12121.663442015088,LT,2,3,23.040712328767125
2018,9163.740995160544,LT,1,1,31.48145205479452
2018,9320.799188947396,LT,1,2,31.48145205479452
2018,9320.799188947396,LT,1,3,31.48145205479452
2018,16384.6880612966,LT,2,1,31.48145205479452
2018,16490.517042817286,LT,2,2,31.48145205479452
2018,16490.517042817286,LT,2,3,31.48145205479452
2019,9868.023894394652,LT,1,1,32.55983561643836
2019,10270.70268369897,LT,1,2,32.55983561643836
2019,10270.70268369897,LT,1,3,32.55983561643836
2019,18053.96413792815,LT,2,1,32.55983561643836
2019,18390.333794191032,LT,2,2,32.55983561643836
2019,18390.333794191032,LT,2,3,32.55983561643836
2020,15075.575929356852,LT,1,1,44.38819672131147
2020,18354.939691856416,LT,1,2,44.38819672131147
2020,18443.76349478869,LT,1,3,44.38819672131147
2020,28002.29514548112,LT,2,1,44.38819672131147
2020,31901.09678004198,LT,2,2,44.38819672131147
2020,31901.09678004198,LT,2,3,44.38819672131147
2021,29801.56083337291,LT,1,1,90.48334246575342
2021,34114.25656190731,LT,1,2,90.48334246575342
2021,34114.25656190731,LT,1,3,90.48334246575342
2021,53755.63589890456,LT,2,1,90.48334246575342
2021,59424.99139061262,LT,2,2,90.48334246575342
2021,59424.99139061262,LT,2,3,90.48334246575342
2022,82515.29845362644,LT,1,1,236.4701917808219
2022,101423.6987881032,LT,1,2,236.4701917808219
2022,102426.08887828706,LT,1,3,236.4701917808219
2022,144091.55638369493,LT,2,1,236.4701917808219
2022,168696.94725206433,LT,2,2,236.4701917808219
2022,168696.94725206433,LT,2,3,236.4701917808219
2016,9180.146632196152,LV,1,1,27.70592896174864
2016,9728.016163429276,LV,1,2,27.70592896174864
2016,9728.016163429276,LV,1,3,27.70592896174864
2016,16619.590665219388,LV,2,1,27.70592896174864
2016,17210.90838435979,LV,2,2,27.70592896174864
2016,17210.90838435979,LV,2,3,27.70592896174864
2017,6210.869231690166,LV,1,1,21.47139726027397
2017,6387.428931308771,LV,1,2,21.47139726027397
2017,6387.428931308771,LV,1,3,21.47139726027397
2017,11196.108493012152,LV,2,1,21.47139726027397
2017,11313.488479085538,LV,2,2,21.47139726027397
2017,11313.488479085538,LV,2,3,21.47139726027397
2018,8818.7450992425,LV,1,1,30.640164383561643
2018,8951.990836674599,LV,1,2,30.640164383561643
2018,8951.990836674599,LV,1,3,30.640164383561643
2018,15852.985543595483,LV,2,1,30.640164383561643
2018,15932.925501953949,LV,2,2,30.640164383561643
2018,15932.925501953949,LV,2,3,30.640164383561643
2019,9867.406184916012,LV,1,1,32.55016438356164
2019,10255.52677119612,LV,1,2,32.55016438356164
2019,10255.52677119612,LV,1,3,32.55016438356164
2019,18036.94757049071,LV,2,1,32.55016438356164
2019,18351.35681418247,LV,2,2,32.55016438356164
2019,18351.35681418247,LV,2,3,32.55016438356164
2020,15150.264272494598,LV,1,1,44.4736612021858
2020,18474.62754683792,LV,1,2,44.4736612021858
2020,18574.25638471108,LV,1,3,44.4736612021858
2020,28118.67562447011,LV,2,1,44.4736612021858
2020,32067.646766010686,LV,2,2,44.4736612021858
2020,32067.646766010686,LV,2,3,44.4736612021858
2021,29686.14352561664,LV,1,1,89.23917808219178
2021,34408.15774244304,LV,1,2,89.23917808219178
2021,34408.22336390652,LV,1,3,89.23917808219178
2021,53431.611754996135,LV,2,1,89.23917808219178
2021,59385.643459521176,LV,2,2,89.23917808219178
2021,59385.643459521176,LV,2,3,89.23917808219178
2022,83022.27659356075,LV,1,1,235.7204383561644
2022,102380.93751512285,LV,1,2,235.7204383561644
2022,103658.0976887674,LV,1,3,235.7204383561644
2022,145547.67550782155,LV,2,1,235.7204383561644
2022,170606.66579418516,LV,2,2,235.7204383561644
2022,170606.66579418516,LV,2,3,235.7204383561644
2016,7408.34000165505,NL,1,1,25.25532786885246
2016,8781.690936579424,NL,1,2,25.25532786885246
2016,8781.690936579424,NL,1,3,25.25532786885246
2016,13481.138420205089,NL,2,1,25.25532786885246
2016,15331.361072638478,NL,2,2,25.25532786885246
2016,15331.361072638478,NL,2,3,25.25532786885246
2017,8675.069616561554,NL,1,1,29.82339726027397
2017,10368.862088883478,NL,1,2,29.82339726027397
2017,10371.314487709116,NL,1,3,29.82339726027397
2017,15431.092138989883,NL,2,1,29.82339726027397
2017,17599.62119078974,NL,2,2,29.82339726027397
2017,17599.62119078974,NL,2,3,29.82339726027397
2018,10897.422368903091,NL,1,1,37.12416438356164
2018,12919.339513112356,NL,1,2,37.12416438356164
2018,12919.339513112356,NL,1,3,37.12416438356164
2018,19286.47785404906,NL,2,1,37.12416438356164
2018,21945.15259807186,NL,2,2,37.12416438356164
2018,21945.15259807186,NL,2,3,37.12416438356164
2019,7452.603034594515,NL,1,1,26.629424657534248
2019,8693.02332357677,NL,1,2,26.629424657534248
2019,8693.02332357677,NL,1,3,26.629424657534248
2019,13480.062987460453,NL,2,1,26.629424657534248
2019,15248.10316292768,NL,2,2,26.629424657534248
2019,15248.10316292768,NL,2,3,26.629424657534248
2020,9854.688636826397,NL,1,1,31.31065573770492
2020,11940.789809079684,NL,1,2,31.31065573770492
2020,11940.805807700948,NL,1,3,31.31065573770492
2020,17879.543372623633,NL,2,1,31.31065573770492
2020,20981.472121107297,NL,2,2,31.31065573770492
2020,20981.472121107297,NL,2,3,31.31065573770492
2021,26726.29609211203,NL,1,1,83.27602739726028
2021,31356.562012271672,NL,1,2,83.27602739726028
2021,31367.01697568625,NL,1,3,83.27602739726028
2021,48304.02815051498,NL,2,1,83.27602739726028
2021,55025.58476180509,NL,2,2,83.27602739726028
2021,55025.58476180509,NL,2,3,83.27602739726028
2022,65147.20930977113,NL,1,1,205.11076712328764
2022,77774.30716035009,NL,1,2,205.11076712328764
2022,77781.7709239144,NL,1,3,205.11076712328764
2022,120129.12081831892,NL,2,1,205.11076712328764
2022,138417.53580249147,NL,2,2,205.11076712328764
2022,138417.53580249147,NL,2,3,205.11076712328764
2016,2697.805202330275,NO_1,1,1,9.877814207650276
2016,2697.805202330275,NO_1,1,2,9.877814207650276
2016,2697.805202330275,NO_1,1,3,9.877814207650276
2016,4655.917675633629,NO_1,2,1,9.877814207650276
2016,4655.917675633629,NO_1,2,2,9.877814207650276
2016,4655.917675633629,NO_1,2,3,9.877814207650276
2017,1191.2242574319969,NO_1,1,1,6.482027397260274
2017,1191.2242574319969,NO_1,1,2,6.482027397260274
2017,1191.2242574319969,NO_1,1,3,6.482027397260274
2017,2086.183334664188,NO_1,2,1,6.482027397260274
2017,2086.183334664188,NO_1,2,2,6.482027397260274
2017,2086.183334664188,NO_1,2,3,6.482027397260274
2018,2704.255629493513,NO_1,1,1,13.119315068493153
2018,2704.255629493513,NO_1,1,2,13.119315068493153
2018,2704.255629493513,NO_1,1,3,13.119315068493153
2018,4777.247423017749,NO_1,2,1,13.119315068493153
2018,4777.247423017749,NO_1,2,2,13.119315068493153
2018,4777.247423017749,NO_1,2,3,13.119315068493153
2019,1094.1023221620064,NO_1,1,1,7.723013698630138
2019,1094.1023221620064,NO_1,1,2,7.723013698630138
2019,1094.1023221620064,NO_1,1,3,7.723013698630138
2019,1938.157040488616,NO_1,2,1,7.723013698630138
2019,1938.157040488616,NO_1,2,2,7.723013698630138
2019,1938.157040488616,NO_1,2,3,7.723013698630138
2020,836.3488061387462,NO_1,1,1,3.462158469945356
2020,836.3488061387462,NO_1,1,2,3.462158469945356
2020,836.3488061387462,NO_1,1,3,3.462158469945356
2020,1518.8342618081651,NO_1,2,1,3.462158469945356
2020,1518.8342618081651,NO_1,2,2,3.462158469945356
2020,1518.8342618081651,NO_1,2,3,3.462158469945356
2021,9758.176818469025,NO_1,1,1,35.42178082191781
2021,9758.176818469025,NO_1,1,2,35.42178082191781
2021,9758.176818469025,NO_1,1,3,35.42178082191781
2021,17270.857658704124,NO_1,2,1,35.42178082191781
2021,17270.857658704124,NO_1,2,2,35.42178082191781
2021,17270.857658704124,NO_1,2,3,35.42178082191781
2022,25701.357707816347,NO_1,1,1,86.97753424657535
2022,25701.701813755066,NO_1,1,2,86.97753424657535
2022,25701.701813755066,NO_1,1,3,86.97753424657535
2022,45658.20328216108,NO_1,2,1,86.97753424657535
2022,45658.20328216108,NO_1,2,2,86.97753424657535
2022,45658.20328216108,NO_1,2,3,86.97753424657535
2016,1107.8302238589154,NO_2,1,1,6.104508196721311
2016,1107.8302238589154,NO_2,1,2,6.104508196721311
2016,1107.8302238589154,NO_2,1,3,6.104508196721311
2016,1974.347548766502,NO_2,2,1,6.104508196721311
2016,1974.347548766502,NO_2,2,2,6.104508196721311
2016,1974.347548766502,NO_2,2,3,6.104508196721311
2017,1043.0059798012555,NO_2,1,1,5.904219178082192
2017,1043.0059798012555,NO_2,1,2,5.904219178082192
2017,1043.0059798012555,NO_2,1,3,5.904219178082192
2017,1845.9127865626772,NO_2,2,1,5.904219178082192
2017,1845.9127865626772,NO_2,2,2,5.904219178082192
2017,1845.9127865626772,NO_2,2,3,5.904219178082192
2018,2235.582798637752,NO_2,1,1,11.69764383561644
2018,2235.582798637752,NO_2,1,2,11.69764383561644
2018,2235.582798637752,NO_2,1,3,11.69764383561644
2018,3971.243933970965,NO_2,2,1,11.69764383561644
2018,3971.243933970965,NO_2,2,2,11.69764383561644
2018,3971.243933970965,NO_2,2,3,11.69764383561644
2019,1074.7277206480776,NO_2,1,1,7.67345205479452
2019,1074.7277206480776,NO_2,1,2,7.67345205479452
2019,1074.7277206480776,NO_2,1,3,7.67345205479452
2019,1905.7460031120747,NO_2,2,1,7.67345205479452
2019,1905.7460031120747,NO_2,2,2,7.67345205479452
2019,1905.7460031120747,NO_2,2,3,7.67345205479452
2020,827.7963228392457,NO_2,1,1,3.4294262295081968
2020,827.7963228392457,NO_2,1,2,3.4294262295081968
2020,827.7963228392457,NO_2,1,3,3.4294262295081968
2020,1502.746156730189,NO_2,2,1,3.4294262295081968
2020,1502.746156730189,NO_2,2,2,3.4294262295081968
2020,1502.746156730189,NO_2,2,3,3.4294262295081968
2021,8571.812887944452,NO_2,1,1,32.243671232876714
2021,8571.812887944452,NO_2,1,2,32.243671232876714
2021,8571.812887944452,NO_2,1,3,32.243671232876714
2021,15291.601516003331,NO_2,2,1,32.243671232876714
2021,15291.601516003331,NO_2,2,2,32.243671232876714
2021,15291.601516003331,NO_2,2,3,32.243671232876714
2022,31684.869719232804,NO_2,1,1,106.31986301369864
2022,31822.222763720627,NO_2,1,2,106.31986301369864
2022,31822.222763720627,NO_2,1,3,106.31986301369864
2022,56967.57008254806,NO_2,2,1,106.31986301369864
2022,56977.66765303337,NO_2,2,2,106.31986301369864
2022,56977.66765303337,NO_2,2,3,106.31986301369864
2016,3197.042450040396,NO_3,1,1,12.42896174863388
2016,3197.042450040396,NO_3,1,2,12.42896174863388
2016,3197.042450040396,NO_3,1,3,12.42896174863388
2016,5732.455680952203,NO_3,2,1,12.42896174863388
2016,5732.455680952203,NO_3,2,2,12.42896174863388
2016,5732.455680952203,NO_3,2,3,12.42896174863388
2017,1701.2456605264276,NO_3,1,1,8.40268493150685
2017,1701.2456605264276,NO_3,1,2,8.40268493150685
2017,1701.2456605264276,NO_3,1,3,8.40268493150685
2017,3007.026011797156,NO_3,2,1,8.40268493150685
2017,3007.026011797156,NO_3,2,2,8.40268493150685
2017,3007.026011797156,NO_3,2,3,8.40268493150685
2018,2664.2639572685,NO_3,1,1,13.097041095890413
2018,2664.2639572685,NO_3,1,2,13.097041095890413
2018,2664.2639572685,NO_3,1,3,13.097041095890413
2018,4748.93149035868,NO_3,2,1,13.097041095890413
2018,4748.93149035868,NO_3,2,2,13.097041095890413
2018,4748.93149035868,NO_3,2,3,13.097041095890413
2019,1318.9794849767045,NO_3,1,1,8.811479452054794
2019,1318.9794849767045,NO_3,1,2,8.811479452054794
2019,1318.9794849767045,NO_3,1,3,8.811479452054794
2019,2351.112910232089,NO_3,2,1,8.811479452054794
2019,2351.112910232089,NO_3,2,2,8.811479452054794
2019,2351.112910232089,NO_3,2,3,8.811479452054794
2020,843.6040453004912,NO_3,1,1,3.613114754098361
2020,843.6040453004912,NO_3,1,2,3.613114754098361
2020,843.6040453004912,NO_3,1,3,3.613114754098361
2020,1587.4607544652415,NO_3,2,1,3.613114754098361
2020,1587.4607544652415,NO_3,2,2,3.613114754098361
2020,1587.4607544652415,NO_3,2,3,3.613114754098361
2021,5871.119256568321,NO_3,1,1,21.577534246575343
2021,5871.119256568321,NO_3,1,2,21.577534246575343
2021,5871.119256568321,NO_3,1,3,21.577534246575343
2021,10759.883035384615,NO_3,2,1,21.577534246575343
2021,10759.883035384615,NO_3,2,2,21.577534246575343
2021,10759.883035384615,NO_3,2,3,21.577534246575343
2022,12502.81920478385,NO_3,1,1,40.04295890410959
2022,12512.27222064637,NO_3,1,2,40.04295890410959
2022,12512.27222064637,NO_3,1,3,40.04295890410959
2022,22442.96298569568,NO_3,2,1,40.04295890410959
2022,22442.96298569568,NO_3,2,2,40.04295890410959
2022,22442.96298569568,NO_3,2,3,40.04295890410959
2016,1533.817106203555,NO_4,1,1,6.373579234972678
2016,1533.817106203555,NO_4,1,2,6.373579234972678
2016,1533.817106203555,NO_4,1,3,6.373579234972678
2016,2737.5121533294023,NO_4,2,1,6.373579234972678
2016,2737.5121533294023,NO_4,2,2,6.373579234972678
2016,2737.5121533294023,NO_4,2,3,6.373579234972678
2017,962.1641330644106,NO_4,1,1,4.872849315068493
2017,962.1641330644106,NO_4,1,2,4.872849315068493
2017,962.1641330644106,NO_4,1,3,4.872849315068493
2017,1701.95448079735,NO_4,2,1,4.872849315068493
2017,1701.95448079735,NO_4,2,2,4.872849315068493
2017,1701.95448079735,NO_4,2,3,4.872849315068493
2018,1992.162420288715,NO_4,1,1,10.629890410958904
2018,1992.162420288715,NO_4,1,2,10.629890410958904
2018,1992.162420288715,NO_4,1,3,10.629890410958904
2018,3513.0385400310984,NO_4,2,1,10.629890410958904
2018,3513.0385400310984,NO_4,2,2,10.629890410958904
2018,3513.0385400310984,NO_4,2,3,10.629890410958904
2019,1176.4399044055108,NO_4,1,1,8.11668493150685
2019,1176.4399044055108,NO_4,1,2,8.11668493150685
2019,1176.4399044055108,NO_4,1,3,8.11668493150685
2019,2121.1433049200978,NO_4,2,1,8.11668493150685
2019,2121.1433049200978,NO_4,2,2,8.11668493150685
2019,2121.1433049200978,NO_4,2,3,8.11668493150685
2020,660.4485751119106,NO_4,1,1,2.963360655737705
2020,660.4485751119106,NO_4,1,2,2.963360655737705
2020,660.4485751119106,NO_4,1,3,2.963360655737705
2020,1238.2390532288896,NO_4,2,1,2.963360655737705
2020,1238.2390532288896,NO_4,2,2,2.963360655737705
2020,1238.2390532288896,NO_4,2,3,2.963360655737705
2021,4960.83133086052,NO_4,1,1,17.7046301369863
2021,4960.83133086052,NO_4,1,2,17.7046301369863
2021,4960.83133086052,NO_4,1,3,17.7046301369863
2021,8995.387503598147,NO_4,2,1,17.7046301369863
2021,8995.387503598147,NO_4,2,2,17.7046301369863
2021,8995.387503598147,NO_4,2,3,17.7046301369863
2022,7910.029648190812,NO_4,1,1,22.09868493150685
2022,7910.041037039848,NO_4,1,2,22.09868493150685
2022,7910.041037039848,NO_4,1,3,22.09868493150685
2022,13959.175596598736,NO_4,2,1,22.09868493150685
2022,13959.175596598736,NO_4,2,2,22.09868493150685
2022,13959.175596598736,NO_4,2,3,22.09868493150685
2016,1088.7555287029209,NO_5,1,1,5.881502732240437
2016,1088.7555287029209,NO_5,1,2,5.881502732240437
2016,1088.7555287029209,NO_5,1,3,5.881502732240437
2016,1943.0276715927887,NO_5,2,1,5.881502732240437
2016,1943.0276715927887,NO_5,2,2,5.881502732240437
2016,1943.0276715927887,NO_5,2,3,5.881502732240437
2017,946.3390561665396,NO_5,1,1,5.595397260273972
2017,946.3390561665396,NO_5,1,2,5.595397260273972
2017,946.3390561665396,NO_5,1,3,5.595397260273972
2017,1668.659994131343,NO_5,2,1,5.595397260273972
2017,1668.659994131343,NO_5,2,2,5.595397260273972
2017,1668.659994131343,NO_5,2,3,5.595397260273972
2018,2140.350327655361,NO_5,1,1,11.380849315068494
2018,2140.350327655361,NO_5,1,2,11.380849315068494
2018,2140.350327655361,NO_5,1,3,11.380849315068494
2018,3799.172525524628,NO_5,2,1,11.380849315068494
2018,3799.172525524628,NO_5,2,2,11.380849315068494
2018,3799.172525524628,NO_5,2,3,11.380849315068494
2019,1052.447335651668,NO_5,1,1,7.571260273972603
2019,1052.447335651668,NO_5,1,2,7.571260273972603
2019,1052.447335651668,NO_5,1,3,7.571260273972603
2019,1864.2200902241384,NO_5,2,1,7.571260273972603
2019,1864.2200902241384,NO_5,2,2,7.571260273972603
2019,1864.2200902241384,NO_5,2,3,7.571260273972603
2020,624.9159084473592,NO_5,1,1,2.894672131147541
2020,624.9159084473592,NO_5,1,2,2.894672131147541
2020,624.9159084473592,NO_5,1,3,2.894672131147541
2020,1142.5770599400184,NO_5,2,1,2.894672131147541
2020,1142.5770599400184,NO_5,2,2,2.894672131147541
2020,1142.5770599400184,NO_5,2,3,2.894672131147541
2021,9213.230153991934,NO_5,1,1,33.872
2021,9213.230153991934,NO_5,1,2,33.872
2021,9213.230153991934,NO_5,1,3,33.872
2021,16260.204687381944,NO_5,2,1,33.872
2021,16260.204687381944,NO_5,2,2,33.872
2021,16260.204687381944,NO_5,2,3,33.872
2022,24478.64735024734,NO_5,1,1,83.34287671232877
2022,24478.64735024734,NO_5,1,2,83.34287671232877
2022,24478.64735024734,NO_5,1,3,83.34287671232877
2022,43476.596577711614,NO_5,2,1,83.34287671232877
2022,43476.596577711614,NO_5,2,2,83.34287671232877
2022,43476.596577711614,NO_5,2,3,83.34287671232877
2018,40836.03145947059,PL,1,1,141.983397260274
2018,41555.64429183261,PL,1,2,141.983397260274
2018,41555.64429183261,PL,1,3,141.983397260274
2018,75269.85831182424,PL,2,1,141.983397260274
2018,75991.31044330548,PL,2,2,141.983397260274
2018,75991.31044330548,PL,2,3,141.983397260274
2019,19030.602413464367,PL,1,1,83.80452054794522
2019,19054.793684631088,PL,1,2,83.80452054794522
2019,19054.793684631088,PL,1,3,83.80452054794522
2019,34886.833236708815,PL,2,1,83.80452054794522
2019,34886.833236708815,PL,2,2,83.80452054794522
2019,34886.833236708815,PL,2,3,83.80452054794522
2020,5568.718198369114,PL,1,1,21.91125683060109
2020,5684.806092403119,PL,1,2,21.91125683060109
2020,5684.806092403119,PL,1,3,21.91125683060109
2020,10197.353614975178,PL,2,1,21.91125683060109
2020,10252.690947786285,PL,2,2,21.91125683060109
2020,10252.690947786285,PL,2,3,21.91125683060109
2021,13902.699378884085,PL,1,1,50.66871232876713
2021,14380.44424148582,PL,1,2,50.66871232876713
2021,14380.44424148582,PL,1,3,50.66871232876713
2021,25432.489217460607,PL,2,1,50.66871232876713
2021,25889.020450592256,PL,2,2,50.66871232876713
2021,25889.020450592256,PL,2,3,50.66871232876713
2022,45030.54591505303,PL,1,1,143.10745205479452
2022,49116.61683477192,PL,1,2,143.10745205479452
2022,49116.61683477192,PL,1,3,143.10745205479452
2022,83071.75083842316,PL,2,1,143.10745205479452
2022,88348.64442306402,PL,2,2,143.10745205479452
2022,88348.64442306402,PL,2,3,143.10745205479452
2016,4677.666581008383,PT,1,1,18.618989071038254
2016,4882.779752137368,PT,1,2,18.618989071038254
2016,4882.779752137368,PT,1,3,18.618989071038254
2016,8743.003558732044,PT,2,1,18.618989071038254
2016,8993.275143265138,PT,2,2,18.618989071038254
2016,8993.275143265138,PT,2,3,18.618989071038254
2017,3752.047095194248,PT,1,1,18.266
2017,3810.355019462108,PT,1,2,18.266
2017,3810.355019462108,PT,1,3,18.266
2017,7045.447885293113,PT,2,1,18.266
2017,7067.771114054942,PT,2,2,18.266
2017,7067.771114054942,PT,2,3,18.266
2018,3519.1039156317074,PT,1,1,17.633698630136987
2018,3525.827675171797,PT,1,2,17.633698630136987
2018,3525.827675171797,PT,1,3,17.633698630136987
2018,6482.2383878984165,PT,2,1,17.633698630136987
2018,6482.2383878984165,PT,2,2,17.633698630136987
2018,6482.2383878984165,PT,2,3,17.633698630136987
2019,3515.9050048680992,PT,1,1,16.483342465753424
2019,3552.1223582901407,PT,1,2,16.483342465753424
2019,3552.1223582901407,PT,1,3,16.483342465753424
2019,6490.322301409027,PT,2,1,16.483342465753424
2019,6499.688816251492,PT,2,2,16.483342465753424
2019,6499.688816251492,PT,2,3,16.483342465753424
2020,4165.8538746585145,PT,1,1,16.60846994535519
2020,4447.5256006347145,PT,1,2,16.60846994535519
2020,4447.5256006347145,PT,1,3,16.60846994535519
2020,7777.837108131423,PT,2,1,16.60846994535519
2020,8119.793266009285,PT,2,2,16.60846994535519
2020,8119.793266009285,PT,2,3,16.60846994535519
2021,12976.27020013614,PT,1,1,49.70961643835616
2021,13512.10605654792,PT,1,2,49.70961643835616
2021,13512.10605654792,PT,1,3,49.70961643835616
2021,24119.95853266871,PT,2,1,49.70961643835616
2021,24765.97852070495,PT,2,2,49.70961643835616
2021,24765.97852070495,PT,2,3,49.70961643835616
2022,25641.18391044817,PT,1,1,94.05572602739726
2022,28648.20016037473,PT,1,2,94.05572602739726
2022,28648.20016037473,PT,1,3,94.05572602739726
2022,47550.44211031707,PT,2,1,94.05572602739726
2022,51745.76924162712,PT,2,2,94.05572602739726
2022,51745.76924162712,PT,2,3,94.05572602739726
2016,37367.0764424251,RO,1,1,126.62412568306011
2016,43298.26781020949,RO,1,2,126.62412568306011
2016,43298.26781020949,RO,1,3,126.62412568306011
2016,69877.99809245321,RO,2,1,126.62412568306011
2016,78027.49456139932,RO,2,2,126.62412568306011
2016,78027.49456139932,RO,2,3,126.62412568306011
2019,69229.23935738702,RO,1,1,226.3215342465753
2019,76164.32929552633,RO,1,2,226.3215342465753
2019,76164.32929552633,RO,1,3,226.3215342465753
2019,127815.86069232014,RO,2,1,226.3215342465753
2019,137149.1092490787,RO,2,2,226.3215342465753
2019,137149.1092490787,RO,2,3,226.3215342465753
2020,51536.28898921917,RO,1,1,170.84718579234973
2020,58385.367627811815,RO,1,2,170.84718579234973
2020,58385.367627811815,RO,1,3,170.84718579234973
2020,95815.476468713,RO,2,1,170.84718579234973
2020,105795.10511806776,RO,2,2,170.84718579234973
2020,105795.10511806776,RO,2,3,170.84718579234973
2021,50976.66779275987,RO,1,1,169.12646575342464
2021,57646.552111323705,RO,1,2,169.12646575342464
2021,57646.552111323705,RO,1,3,169.12646575342464
2021,95899.09502530994,RO,2,1,169.12646575342464
2021,105833.58641198024,RO,2,2,169.12646575342464
2021,105833.58641198024,RO,2,3,169.12646575342464
2022,73998.28030118547,RO,1,1,232.45249315068492
2022,85790.5039304127,RO,1,2,232.45249315068492
2022,85790.5039304127,RO,1,3,232.45249315068492
2022,135238.6211461587,RO,2,1,232.45249315068492
2022,152255.93970530882,RO,2,2,232.45249315068492
2022,152255.93970530882,RO,2,3,232.45249315068492
2017,12166.393417765004,RS,1,1,40.82578082191781
2017,12747.102152865788,RS,1,2,40.82578082191781
2017,12747.102152865788,RS,1,3,40.82578082191781
2017,22880.652181587346,RS,2,1,40.82578082191781
2017,23606.535117669533,RS,2,2,40.82578082191781
2017,23606.535117669533,RS,2,3,40.82578082191781
2018,9398.378130435576,RS,1,1,33.1726301369863
2018,10072.832820556549,RS,1,2,33.1726301369863
2018,10072.832820556549,RS,1,3,33.1726301369863
2018,17461.7705620643,RS,2,1,33.1726301369863
2018,18354.334184716023,RS,2,2,33.1726301369863
2018,18354.334184716023,RS,2,3,33.1726301369863
2019,10713.394838274078,RS,1,1,36.99901369863014
2019,11373.15059173633,RS,1,2,36.99901369863014
2019,11373.15059173633,RS,1,3,36.99901369863014
2019,20097.021697577984,RS,2,1,36.99901369863014
2019,20984.46630375134,RS,2,2,36.99901369863014
2019,20984.46630375134,RS,2,3,36.99901369863014
2020,9043.29442590282,RS,1,1,30.881475409836067
2020,9987.979658491566,RS,1,2,30.881475409836067
2020,9987.979658491566,RS,1,3,30.881475409836067
2020,16868.418577555698,RS,2,1,30.881475409836067
2020,18216.262286923607,RS,2,2,30.881475409836067
2020,18216.262286923607,RS,2,3,30.881475409836067
2021,21964.879711579742,RS,1,1,76.37679452054795
2021,23518.847216847003,RS,1,2,76.37679452054795
2021,23518.847216847003,RS,1,3,76.37679452054795
2021,40862.82643845728,RS,2,1,76.37679452054795
2021,42973.98389207784,RS,2,2,76.37679452054795
2021,42973.98389207784,RS,2,3,76.37679452054795
2022,49591.61617126689,RS,1,1,174.11550684931507
2022,54851.7065938082,RS,1,2,174.11550684931507
2022,54851.7065938082,RS,1,3,174.11550684931507
2022,92434.00570902278,RS,2,1,174.11550684931507
2022,99784.00063706908,RS,2,2,174.11550684931507
2022,99784.00063706908,RS,2,3,174.11550684931507
2016,4241.691135733483,SE_1,1,1,15.359972677595628
2016,4243.140231191712,SE_1,1,2,15.359972677595628
2016,4243.140231191712,SE_1,1,3,15.359972677595628
2016,7656.652161827898,SE_1,2,1,15.359972677595628
2016,7656.652161827898,SE_1,2,2,15.359972677595628
2016,7656.652161827898,SE_1,2,3,15.359972677595628
2017,3117.999499125012,SE_1,1,1,12.889753424657536
2017,3117.999499125012,SE_1,1,2,12.889753424657536
2017,3117.999499125012,SE_1,1,3,12.889753424657536
2017,5568.622748967675,SE_1,2,1,12.889753424657536
2017,5568.622748967675,SE_1,2,2,12.889753424657536
2017,5568.622748967675,SE_1,2,3,12.889753424657536
2018,3788.275837465325,SE_1,1,1,16.532794520547945
2018,3788.275837465325,SE_1,1,2,16.532794520547945
2018,3788.275837465325,SE_1,1,3,16.532794520547945
2018,6802.900652036797,SE_1,2,1,16.532794520547945
2018,6802.900652036797,SE_1,2,2,16.532794520547945
2018,6802.900652036797,SE_1,2,3,16.532794520547945
2019,3004.166326036961,SE_1,1,1,13.457835616438356
2019,3004.166326036961,SE_1,1,2,13.457835616438356
2019,3004.166326036961,SE_1,1,3,13.457835616438356
2019,5380.696978011662,SE_1,2,1,13.457835616438356
2019,5380.696978011662,SE_1,2,2,13.457835616438356
2019,5380.696978011662,SE_1,2,3,13.457835616438356
2020,3297.6640159211456,SE_1,1,1,10.690109289617489
2020,3307.337487361424,SE_1,1,2,10.690109289617489
2020,3307.337487361424,SE_1,1,3,10.690109289617489
2020,5920.125473967989,SE_1,2,1,10.690109289617489
2020,5920.735048554459,SE_1,2,2,10.690109289617489
2020,5920.735048554459,SE_1,2,3,10.690109289617489
2021,6567.372746069346,SE_1,1,1,22.75290410958904
2021,6567.372746069346,SE_1,1,2,22.75290410958904
2021,6567.372746069346,SE_1,1,3,22.75290410958904
2021,11878.422573619897,SE_1,2,1,22.75290410958904
2021,11878.422573619897,SE_1,2,2,22.75290410958904
2021,11878.422573619897,SE_1,2,3,22.75290410958904
2022,18743.283445345,SE_1,1,1,59.0785205479452
2022,18998.6013746531,SE_1,1,2,59.0785205479452
2022,18998.6013746531,SE_1,1,3,59.0785205479452
2022,34227.40315009636,SE_1,2,1,59.0785205479452
2022,34378.07003026974,SE_1,2,2,59.0785205479452
2022,34378.07003026974,SE_1,2,3,59.0785205479452
2016,4241.691135733483,SE_2,1,1,15.359972677595628
2016,4243.140231191712,SE_2,1,2,15.359972677595628
2016,4243.140231191712,SE_2,1,3,15.359972677595628
2016,7656.652161827898,SE_2,2,1,15.359972677595628
2016,7656.652161827898,SE_2,2,2,15.359972677595628
2016,7656.652161827898,SE_2,2,3,15.359972677595628
2017,3117.999499125012,SE_2,1,1,12.889753424657536
2017,3117.999499125012,SE_2,1,2,12.889753424657536
2017,3117.999499125012,SE_2,1,3,12.889753424657536
2017,5568.622748967675,SE_2,2,1,12.889753424657536
2017,5568.622748967675,SE_2,2,2,12.889753424657536
2017,5568.622748967675,SE_2,2,3,12.889753424657536
2018,3788.275837465325,SE_2,1,1,16.532794520547945
2018,3788.275837465325,SE_2,1,2,16.532794520547945
2018,3788.275837465325,SE_2,1,3,16.532794520547945
2018,6802.900652036797,SE_2,2,1,16.532794520547945
2018,6802.900652036797,SE_2,2,2,16.532794520547945
2018,6802.900652036797,SE_2,2,3,16.532794520547945
2019,3004.166326036961,SE_2,1,1,13.457835616438356
2019,3004.166326036961,SE_2,1,2,13.457835616438356
2019,3004.166326036961,SE_2,1,3,13.457835616438356
2019,5380.696978011662,SE_2,2,1,13.457835616438356
2019,5380.696978011662,SE_2,2,2,13.457835616438356
2019,5380.696978011662,SE_2,2,3,13.457835616438356
2020,3297.6640159211456,SE_2,1,1,10.693224043715846
2020,3307.337487361424,SE_2,1,2,10.693224043715846
2020,3307.337487361424,SE_2,1,3,10.693224043715846
2020,5920.346743034965,SE_2,2,1,10.693224043715846
2020,5920.956317621435,SE_2,2,2,10.693224043715846
2020,5920.956317621435,SE_2,2,3,10.693224043715846
2021,6615.75583072893,SE_2,1,1,22.92197260273973
2021,6615.75583072893,SE_2,1,2,22.92197260273973
2021,6615.75583072893,SE_2,1,3,22.92197260273973
2021,11970.551312077045,SE_2,2,1,22.92197260273973
2021,11970.551312077045,SE_2,2,2,22.92197260273973
2021,11970.551312077045,SE_2,2,3,22.92197260273973
2022,20940.064977645012,SE_2,1,1,64.77701369863014
2022,21300.324100575177,SE_2,1,2,64.77701369863014
2022,21300.324100575177,SE_2,1,3,64.77701369863014
2022,37701.33346719191,SE_2,2,1,64.77701369863014
2022,37917.094669842925,SE_2,2,2,64.77701369863014
2022,37917.094669842925,SE_2,2,3,64.77701369863014
2016,4798.859662204076,SE_3,1,1,16.595546448087433
2016,4807.224500657562,SE_3,1,2,16.595546448087433
2016,4807.224500657562,SE_3,1,3,16.595546448087433
2016,8625.025386921225,SE_3,2,1,16.595546448087433
2016,8625.025386921225,SE_3,2,2,16.595546448087433
2016,8625.025386921225,SE_3,2,3,16.595546448087433
2017,3679.9947282820704,SE_3,1,1,14.455068493150684
2017,3679.9947282820704,SE_3,1,2,14.455068493150684
2017,3679.9947282820704,SE_3,1,3,14.455068493150684
2017,6582.629465167733,SE_3,2,1,14.455068493150684
2017,6582.629465167733,SE_3,2,2,14.455068493150684
2017,6582.629465167733,SE_3,2,3,14.455068493150684
2018,4235.944376742795,SE_3,1,1,17.721397260273974
2018,4235.944376742795,SE_3,1,2,17.721397260273974
2018,4235.944376742795,SE_3,1,3,17.721397260273974
2018,7606.702296936721,SE_3,2,1,17.721397260273974
2018,7606.702296936721,SE_3,2,2,17.721397260273974
2018,7606.702296936721,SE_3,2,3,17.721397260273974
2019,3626.782229305298,SE_3,1,1,15.309616438356166
2019,3626.782229305298,SE_3,1,2,15.309616438356166
2019,3626.782229305298,SE_3,1,3,15.309616438356166
2019,6452.297646110284,SE_3,2,1,15.309616438356166
2019,6452.297646110284,SE_3,2,2,15.309616438356166
2019,6452.297646110284,SE_3,2,3,15.309616438356166
2020,10129.15501764615,SE_3,1,1,28.77013661202186
2020,10520.494851920284,SE_3,1,2,28.77013661202186
2020,10520.494851920284,SE_3,1,3,28.77013661202186
2020,18381.52262132058,SE_3,2,1,28.77013661202186
2020,18811.61111629643,SE_3,2,2,28.77013661202186
2020,18811.61111629643,SE_3,2,3,28.77013661202186
2021,22482.79575636034,SE_3,1,1,69.78632876712328
2021,23453.768892990614,SE_3,1,2,69.78632876712328
2021,23453.768892990614,SE_3,1,3,69.78632876712328
2021,42097.03655075832,SE_3,2,1,69.78632876712328
2021,43305.67652767015,SE_3,2,2,69.78632876712328
2021,43305.67652767015,SE_3,2,3,69.78632876712328
2022,63432.834746774446,SE_3,1,1,184.8604109589041
2022,69674.8372954446,SE_3,1,2,184.8604109589041
2022,69674.8372954446,SE_3,1,3,184.8604109589041
2022,120263.18546822932,SE_3,2,1,184.8604109589041
2022,128636.3887601702,SE_3,2,2,184.8604109589041
2022,128636.3887601702,SE_3,2,3,184.8604109589041
2016,5286.487876464031,SE_4,1,1,17.805245901639346
2016,5319.840392027505,SE_4,1,2,17.805245901639346
2016,5319.840392027505,SE_4,1,3,17.805245901639346
2016,9485.929093906609,SE_4,2,1,17.805245901639346
2016,9500.011676902051,SE_4,2,2,17.805245901639346
2016,9500.011676902051,SE_4,2,3,17.805245901639346
2017,4798.431224549884,SE_4,1,1,17.439287671232876
2017,4838.448386103692,SE_4,1,2,17.439287671232876
2017,4838.448386103692,SE_4,1,3,17.439287671232876
2017,8562.772311114859,SE_4,2,1,17.439287671232876
2017,8572.127437108289,SE_4,2,2,17.439287671232876
2017,8572.127437108289,SE_4,2,3,17.439287671232876
2018,6301.625071512396,SE_4,1,1,23.3227397260274
2018,6351.10311265782,SE_4,1,2,23.3227397260274
2018,6351.10311265782,SE_4,1,3,23.3227397260274
2018,11478.40226707615,SE_4,2,1,23.3227397260274
2018,11494.79515944736,SE_4,2,2,23.3227397260274
2018,11494.79515944736,SE_4,2,3,23.3227397260274
2019,5719.313762654476,SE_4,1,1,20.78290410958904
2019,5819.297824152312,SE_4,1,2,20.78290410958904
2019,5819.297824152312,SE_4,1,3,20.78290410958904
2019,10350.22613557842,SE_4,2,1,20.78290410958904
2019,10416.9230318132,SE_4,2,2,20.78290410958904
2019,10416.9230318132,SE_4,2,3,20.78290410958904
2020,11968.628494731554,SE_4,1,1,34.61338797814208
2020,13074.842857842792,SE_4,1,2,34.61338797814208
2020,13074.842857842792,SE_4,1,3,34.61338797814208
2020,22117.559164075523,SE_4,2,1,34.61338797814208
2020,23539.65111891488,SE_4,2,2,34.61338797814208
2020,23539.65111891488,SE_4,2,3,34.61338797814208
2021,26407.40018422644,SE_4,1,1,83.60106849315068
2021,29334.960230715464,SE_4,1,2,83.60106849315068
2021,29334.960230715464,SE_4,1,3,83.60106849315068
2021,49301.00962205929,SE_4,2,1,83.60106849315068
2021,53611.83052911199,SE_4,2,2,83.60106849315068
2021,53611.83052911199,SE_4,2,3,83.60106849315068
2022,70350.09408593335,SE_4,1,1,202.3764383561644
2022,79217.04031941395,SE_4,1,2,202.3764383561644
2022,79217.04031941395,SE_4,1,3,202.3764383561644
2022,131079.48669243112,SE_4,2,1,202.3764383561644
2022,143386.01501664237,SE_4,2,2,202.3764383561644
2022,143386.01501664237,SE_4,2,3,202.3764383561644
2016,8416.063869470536,SI,1,1,27.93191256830601
2016,9947.606730986934,SI,1,2,27.93191256830601
2016,9947.866234047098,SI,1,3,27.93191256830601
2016,15317.566464825792,SI,2,1,27.93191256830601
2016,17149.69549009867,SI,2,2,27.93191256830601
2016,17149.69549009867,SI,2,3,27.93191256830601
2017,13242.24592283687,SI,1,1,42.568520547945205
2017,15399.88126937122,SI,1,2,42.568520547945205
2017,15400.061863977357,SI,1,3,42.568520547945205
2017,24295.728063094703,SI,2,1,42.568520547945205
2017,26812.168013839542,SI,2,2,42.568520547945205
2017,26812.168013839542,SI,2,3,42.568520547945205
2018,10907.3957467013,SI,1,1,36.56342465753425
2018,12384.002325590489,SI,1,2,36.56342465753425
2018,12384.002325590489,SI,1,3,36.56342465753425
2018,19912.428520780213,SI,2,1,36.56342465753425
2018,21744.56188466225,SI,2,2,36.56342465753425
2018,21744.56188466225,SI,2,3,36.56342465753425
2019,11699.309873675837,SI,1,1,38.28605479452055
2019,13374.812125609851,SI,1,2,38.28605479452055
2019,13374.812125609851,SI,1,3,38.28605479452055
2019,21234.584409985528,SI,2,1,38.28605479452055
2019,23218.435682109062,SI,2,2,38.28605479452055
2019,23218.435682109062,SI,2,3,38.28605479452055
2020,9172.813840395736,SI,1,1,30.285737704918034
2020,10511.105017053604,SI,1,2,30.285737704918034
2020,10511.105017053604,SI,1,3,30.285737704918034
2020,16662.884019012403,SI,2,1,30.285737704918034
2020,18530.82555124042,SI,2,2,30.285737704918034
2020,18530.82555124042,SI,2,3,30.285737704918034
2021,22338.993911687718,SI,1,1,76.84161643835616
2021,24684.06747797413,SI,1,2,76.84161643835616
2021,24684.06747797413,SI,1,3,76.84161643835616
2021,40913.24161918047,SI,2,1,76.84161643835616
2021,43952.4573992872,SI,2,2,76.84161643835616
2021,43952.4573992872,SI,2,3,76.84161643835616
2022,54124.551631753966,SI,1,1,184.5718082191781
2022,61457.80169776124,SI,1,2,184.5718082191781
2022,61457.80169776124,SI,1,3,184.5718082191781
2022,98004.2651982947,SI,2,1,184.5718082191781
2022,107988.42606723944,SI,2,2,184.5718082191781
2022,107988.42606723944,SI,2,3,184.5718082191781
2017,12551.376647298905,SK,1,1,40.39854794520548
2017,14043.864162678852,SK,1,2,40.39854794520548
2017,14043.864162678852,SK,1,3,40.39854794520548
2017,23495.748732861543,SK,2,1,40.39854794520548
2017,25389.72571631081,SK,2,2,40.39854794520548
2017,25389.72571631081,SK,2,3,40.39854794520548
2018,10106.639805429151,SK,1,1,35.28613698630137
2018,11092.780177343968,SK,1,2,35.28613698630137
2018,11092.780177343968,SK,1,3,35.28613698630137
2018,18856.709331498496,SK,2,1,35.28613698630137
2018,20151.101918386037,SK,2,2,35.28613698630137
2018,20151.101918386037,SK,2,3,35.28613698630137
2019,8955.566121782522,SK,1,1,30.61375342465753
2019,10222.875483337544,SK,1,2,30.61375342465753
2019,10222.875483337544,SK,1,3,30.61375342465753
2019,16682.152866928143,SK,2,1,30.61375342465753
2019,18440.26305068872,SK,2,2,30.61375342465753
2019,18440.26305068872,SK,2,3,30.61375342465753
2020,8682.331363637033,SK,1,1,28.914699453551915
2020,10019.527583809058,SK,1,2,28.914699453551915
2020,10019.527583809058,SK,1,3,28.914699453551915
2020,16149.049520795665,SK,2,1,28.914699453551915
2020,18076.014576639267,SK,2,2,28.914699453551915
2020,18076.014576639267,SK,2,3,28.914699453551915
2021,24559.85580945789,SK,1,1,80.61501369863014
2021,27085.11154284541,SK,1,2,80.61501369863014
2021,27085.11154284541,SK,1,3,80.61501369863014
2021,44849.88080652021,SK,2,1,80.61501369863014
2021,48589.37955938194,SK,2,2,80.61501369863014
2021,48589.37955938194,SK,2,3,80.61501369863014
2022,59996.54077945814,SK,1,1,199.86180821917807
2022,69415.49340800247,SK,1,2,199.86180821917807
2022,69415.49340800247,SK,1,3,199.86180821917807
2022,109604.00534764714,SK,2,1,199.86180821917807
2022,122769.21980723875,SK,2,2,199.86180821917807
2022,122769.21980723875,SK,2,3,199.86180821917807
2023,26123.538492727577,AT,1,1,86.50197674418604
2023,30520.840675380132,AT,1,2,86.50197674418604
2023,30520.840675380132,AT,1,3,86.50197674418604
2023,47748.05047766605,AT,2,1,86.50197674418604
2023,54585.22575946704,AT,2,2,86.50197674418604
2023,54585.22575946704,AT,2,3,86.50197674418604
2023,27595.561997389523,BE,1,1,88.83387596899225
2023,33842.94657179979,BE,1,2,88.83387596899225
2023,33842.94657179979,BE,1,3,88.83387596899225
2023,51133.67423223661,BE,2,1,88.83387596899225
2023,60727.00758854253,BE,2,2,88.83387596899225
2023,60727.00758854253,BE,2,3,88.83387596899225
2023,40118.564203866925,BG,1,1,122.8313953488372
2023,47439.530782393944,BG,1,2,122.8313953488372
2023,47439.551497991444,BG,1,3,122.8313953488372
2023,73456.30338734941,BG,2,1,122.8313953488372
2023,83933.28587399995,BG,2,2,122.8313953488372
2023,83933.28587399995,BG,2,3,122.8313953488372
2023,17072.870161237282,CH,1,1,62.2641472868217
2023,19003.599908543776,CH,1,2,62.2641472868217
2023,19003.599908543776,CH,1,3,62.2641472868217
2023,32140.44363110717,CH,2,1,62.2641472868217
2023,35114.81750792391,CH,2,2,62.2641472868217
2023,35114.81750792391,CH,2,3,62.2641472868217
2023,27551.121670045653,CZ,1,1,90.25228682170544
2023,33018.996340845086,CZ,1,2,90.25228682170544
2023,33018.996340845086,CZ,1,3,90.25228682170544
2023,50902.35159466332,CZ,2,1,90.25228682170544
2023,59264.03986896465,CZ,2,2,90.25228682170544
2023,59264.03986896465,CZ,2,3,90.25228682170544
2023,30456.158907547575,DE_LU,1,1,97.04934108527132
2023,35248.98514409769,DE_LU,1,2,97.04934108527132
2023,35248.98514409769,DE_LU,1,3,97.04934108527132
2023,56854.14607561772,DE_LU,2,1,97.04934108527132
2023,64683.88465972042,DE_LU,2,2,97.04934108527132
2023,64683.88465972042,DE_LU,2,3,97.04934108527132
2023,29599.338010451676,DK_1,1,1,93.2337984496124
2023,33327.50337658539,DK_1,1,2,93.2337984496124
2023,33327.50337658539,DK_1,1,3,93.2337984496124
2023,55332.950647694466,DK_1,2,1,93.2337984496124
2023,60973.08970571103,DK_1,2,2,93.2337984496124
2023,60973.08970571103,DK_1,2,3,93.2337984496124
2023,30166.227241186065,DK_2,1,1,95.37391472868218
2023,34894.452654182736,DK_2,1,2,95.37391472868218
2023,34894.452654182736,DK_2,1,3,95.37391472868218
2023,56242.069221540834,DK_2,2,1,95.37391472868218
2023,63320.14388491404,DK_2,2,2,95.37391472868218
2023,63320.14388491404,DK_2,2,3,95.37391472868218
2023,40464.07812004885,EE,1,1,115.05678294573644
2023,50783.760936941566,EE,1,2,115.05678294573644
2023,51176.518691328776,EE,1,3,115.05678294573644
2023,74309.05788938087,EE,2,1,115.05678294573644
2023,88439.89966118381,EE,2,2,115.05678294573644
2023,88439.89966118381,EE,2,3,115.05678294573644
2023,23037.92415907915,ES,1,1,75.00329457364342
2023,26374.78262989487,ES,1,2,75.00329457364342
2023,26374.78262989487,ES,1,3,75.00329457364342
2023,43500.09624430945,ES,2,1,75.00329457364342
2023,48546.923710604984,ES,2,2,75.00329457364342
2023,48546.923710604984,ES,2,3,75.00329457364342
2023,24574.1990074923,FI,1,1,70.59267441860464
2023,26399.420380519263,FI,1,2,70.59267441860464
2023,26399.420380519263,FI,1,3,70.59267441860464
2023,44021.4449192995,FI,2,1,70.59267441860464
2023,46016.83495159672,FI,2,2,70.59267441860464
2023,46016.83495159672,FI,2,3,70.59267441860464
2023,24781.382603269856,FR,1,1,81.69624031007753
2023,30306.939088058367,FR,1,2,81.69624031007753
2023,30306.939088058367,FR,1,3,81.69624031007753
2023,45836.7289434822,FR,2,1,81.69624031007753
2023,54484.7343960038,FR,2,2,81.69624031007753
2023,54484.7343960038,FR,2,3,81.69624031007753
2023,38336.10366029778,GR,1,1,118.83937984496124
2023,46377.96267395956,GR,1,2,118.83937984496124
2023,46379.873879639854,GR,1,3,118.83937984496124
2023,69289.01415616168,GR,2,1,118.83937984496124
2023,79479.19763513903,GR,2,2,118.83937984496124
2023,79479.19763513903,GR,2,3,118.83937984496124
2023,31986.69093198764,HR,1,1,102.34182170542636
2023,37429.94703327148,HR,1,2,102.34182170542636
2023,37429.94703327148,HR,1,3,102.34182170542636
2023,58346.29439962688,HR,2,1,102.34182170542636
2023,66888.21067389463,HR,2,2,102.34182170542636
2023,66888.21067389463,HR,2,3,102.34182170542636
2023,33968.73935225171,HU,1,1,109.11112403100776
2023,39465.29515140943,HU,1,2,109.11112403100776
2023,39465.29515140943,HU,1,3,109.11112403100776
2023,61805.153929308,HU,2,1,109.11112403100776
2023,70285.02315284724,HU,2,2,109.11112403100776
2023,70285.02315284724,HU,2,3,109.11112403100776
2023,23976.951452246634,IT_CNOR,1,1,83.53356589147286
2023,27219.9667319073,IT_CNOR,1,2,83.53356589147286
2023,27219.9667319073,IT_CNOR,1,3,83.53356589147286
2023,43650.3940421129,IT_CNOR,2,1,83.53356589147286
2023,48203.597975314326,IT_CNOR,2,2,83.53356589147286
2023,48203.597975314326,IT_CNOR,2,3,83.53356589147286
2023,27933.80704058268,IT_CSUD,1,1,92.31116279069768
2023,31769.002993789843,IT_CSUD,1,2,92.31116279069768
2023,31769.002993789843,IT_CSUD,1,3,92.31116279069768
2023,50946.422877473975,IT_CSUD,2,1,92.31116279069768
2023,56461.60621862641,IT_CSUD,2,2,92.31116279069768
2023,56461.60621862641,IT_CSUD,2,3,92.31116279069768
2023,23064.991005321284,IT_NORD,1,1,80.04833333333333
2023,26015.29335784524,IT_NORD,1,2,80.04833333333333
2023,26015.29335784524,IT_NORD,1,3,80.04833333333333
2023,41921.93982846563,IT_NORD,2,1,80.04833333333333
2023,46067.453897705476,IT_NORD,2,2,80.04833333333333
2023,46067.453897705476,IT_NORD,2,3,80.04833333333333
2023,31305.01350653893,IT_SARD,1,1,99.40701550387595
2023,35426.331757901,IT_SARD,1,2,99.40701550387595
2023,35426.331757901,IT_SARD,1,3,99.40701550387595
2023,57520.456363944606,IT_SARD,2,1,99.40701550387595
2023,63355.074218517584,IT_SARD,2,2,99.40701550387595
2023,63355.074218517584,IT_SARD,2,3,99.40701550387595
2023,30256.01017523149,IT_SICI,1,1,98.00151162790698
2023,34544.435780900196,IT_SICI,1,2,98.00151162790698
2023,34544.435780900196,IT_SICI,1,3,98.00151162790698
2023,55196.257626736806,IT_SICI,2,1,98.00151162790698
2023,60928.42457577209,IT_SICI,2,2,98.00151162790698
2023,60928.42457577209,IT_SICI,2,3,98.00151162790698
2023,28511.129260012585,IT_SUD,1,1,93.22682170542636
2023,32449.620854788747,IT_SUD,1,2,93.22682170542636
2023,32449.620854788747,IT_SUD,1,3,93.22682170542636
2023,52025.67251561733,IT_SUD,2,1,93.22682170542636
2023,57646.446326194935,IT_SUD,2,2,93.22682170542636
2023,57646.446326194935,IT_SUD,2,3,93.22682170542636
2023,39241.846358996285,LT,1,1,114.77403100775194
2023,49762.251039735864,LT,1,2,114.77403100775194
2023,50333.1445187422,LT,1,3,114.77403100775194
2023,71327.98213315132,LT,2,1,114.77403100775194
2023,86109.27678701855,LT,2,2,114.77403100775194
2023,86114.72498916053,LT,2,3,114.77403100775194
2023,39198.571475822784,LV,1,1,114.09368217054264
2023,49814.300129316325,LV,1,2,114.09368217054264
2023,50461.71549099191,LV,1,3,114.09368217054264
2023,71260.97101146677,LV,2,1,114.09368217054264
2023,85973.51596794827,LV,2,2,114.09368217054264
2023,85981.41935201599,LV,2,3,114.09368217054264
2023,34916.94672408826,NL,1,1,108.34263565891472
2023,40853.43621471332,NL,1,2,108.34263565891472
2023,40853.43621471332,NL,1,3,108.34263565891472
2023,64677.195823461574,NL,2,1,108.34263565891472
2023,73806.86116789996,NL,2,2,108.34263565891472
2023,73806.86116789996,NL,2,3,108.34263565891472
2023,10870.133070145845,NO_1,1,1,38.13980620155039
2023,10927.804142714,NO_1,1,2,38.13980620155039
2023,10927.804142714,NO_1,1,3,38.13980620155039
2023,19824.72859839481,NO_1,2,1,38.13980620155039
2023,19854.704067974548,NO_1,2,2,38.13980620155039
2023,19854.704067974548,NO_1,2,3,38.13980620155039
2023,14279.129005782546,NO_2,1,1,48.65600775193799
2023,14343.676505853538,NO_2,1,2,48.65600775193799
2023,14343.676505853538,NO_2,1,3,48.65600775193799
2023,26108.870315210224,NO_2,2,1,48.65600775193799
2023,26138.40001582157,NO_2,2,2,48.65600775193799
2023,26138.40001582157,NO_2,2,3,48.65600775193799
2023,7420.751309942265,NO_3,1,1,26.290426356589148
2023,7507.346343706038,NO_3,1,2,26.290426356589148
2023,7507.346343706038,NO_3,1,3,26.290426356589148
2023,13696.69578810325,NO_3,2,1,26.290426356589148
2023,13754.931168892139,NO_3,2,2,26.290426356589148
2023,13754.931168892139,NO_3,2,3,26.290426356589148
2023,4153.730489003071,NO_4,1,1,14.667286821705426
2023,4154.8522002453765,NO_4,1,2,14.667286821705426
2023,4154.8522002453765,NO_4,1,3,14.667286821705426
2023,7632.760872692529,NO_4,2,1,14.667286821705426
2023,7632.760872692529,NO_4,2,2,14.667286821705426
2023,7632.760872692529,NO_4,2,3,14.667286821705426
2023,9227.648202493463,NO_5,1,1,33.70240310077519
2023,9268.696542558104,NO_5,1,2,33.70240310077519
2023,9268.696542558104,NO_5,1,3,33.70240310077519
2023,16756.08954602955,NO_5,2,1,33.70240310077519
2023,16771.226509845837,NO_5,2,2,33.70240310077519
2023,16771.226509845837,NO_5,2,3,33.70240310077519
2023,18963.501416986637,PL,1,1,66.93391472868217
2023,20386.587007914575,PL,1,2,66.93391472868217
2023,20386.587007914575,PL,1,3,66.93391472868217
2023,35496.57067657351,PL,2,1,66.93391472868217
2023,37245.9376695173,PL,2,2,66.93391472868217
2023,37245.9376695173,PL,2,3,66.93391472868217
2023,21497.668079724615,PT,1,1,71.49255813953489
2023,24969.807841890724,PT,1,2,71.49255813953489
2023,24969.807841890724,PT,1,3,71.49255813953489
2023,40322.93661633956,PT,2,1,71.49255813953489
2023,45457.27136993312,PT,2,2,71.49255813953489
2023,45457.27136993312,PT,2,3,71.49255813953489
2023,40313.712037498095,RO,1,1,123.4351937984496
2023,47758.36300899835,RO,1,2,123.4351937984496
2023,47758.50571644777,RO,1,3,123.4351937984496
2023,73631.05096091109,RO,2,1,123.4351937984496
2023,84179.12400746459,RO,2,2,123.4351937984496
2023,84179.12400746459,RO,2,3,123.4351937984496
2023,27971.321453163022,RS,1,1,92.23333333333332
2023,32427.382277252374,RS,1,2,92.23333333333332
2023,32427.382277252374,RS,1,3,92.23333333333332
2023,52344.93746803613,RS,2,1,92.23333333333332
2023,59377.290505998,RS,2,2,92.23333333333332
2023,59377.290505998,RS,2,3,92.23333333333332
2023,10521.15658020432,SE_1,1,1,34.235426356589144
2023,10870.432295443037,SE_1,1,2,34.235426356589144
2023,10870.432295443037,SE_1,1,3,34.235426356589144
2023,19384.845161432506,SE_1,2,1,34.235426356589144
2023,19801.965225721822,SE_1,2,2,34.235426356589144
2023,19801.965225721822,SE_1,2,3,34.235426356589144
2023,10516.645183415849,SE_2,1,1,34.23108527131783
2023,10865.920898654565,SE_2,1,2,34.23108527131783
2023,10865.920898654565,SE_2,1,3,34.23108527131783
2023,19374.257189377928,SE_2,2,1,34.23108527131783
2023,19791.37725366724,SE_2,2,2,34.23108527131783
2023,19791.37725366724,SE_2,2,3,34.23108527131783
2023,22203.78377226626,SE_3,1,1,65.27038759689921
2023,23642.330104126933,SE_3,1,2,65.27038759689921
2023,23642.330104126933,SE_3,1,3,65.27038759689921
2023,41133.055349742535,SE_3,2,1,65.27038759689921
2023,43080.53404124841,SE_3,2,2,65.27038759689921
2023,43080.53404124841,SE_3,2,3,65.27038759689921
2023,31068.590995759336,SE_4,1,1,89.00616279069767
2023,34329.22757644737,SE_4,1,2,89.00616279069767
2023,34329.22757644737,SE_4,1,3,89.00616279069767
2023,57573.33100844759,SE_4,2,1,89.00616279069767
2023,62383.213470559975,SE_4,2,2,89.00616279069767
2023,62383.213470559975,SE_4,2,3,89.00616279069767
2023,28491.377321420332,SI,1,1,93.61333333333334
2023,33445.90337408571,SI,1,2,93.61333333333334
2023,33445.90337408571,SI,1,3,93.61333333333334
2023,52166.81171759358,SI,2,1,93.61333333333334
2023,59941.26574268433,SI,2,2,93.61333333333334
2023,59941.26574268433,SI,2,3,93.61333333333334
2023,29546.194830425564,SK,1,1,96.35166666666666
2023,35041.62546574139,SK,1,2,96.35166666666666
2023,35041.62546574139,SK,1,3,96.35166666666666
2023,54757.498202749855,SK,2,1,96.35166666666666
2023,63293.32255686447,SK,2,2,96.35166666666666
2023,63293.32255686447,SK,2,3,96.35166666666666
